Measurement date,Station code,Address,Latitude,Longitude,SO2,NO2,O3,CO,PM10,PM2.5
2017-01-01 00:00,101,"19, Jong-ro 35ga-gil, Jongno-gu, Seoul, Republic of Korea",37.5720164,127.0050075,0.004,0.059,0.002,1.2,73.0,57.0
2017-01-01 01:00,101,"19, Jong-ro 35ga-gil, Jongno-gu, Seoul, Republic of Korea",37.5720164,127.0050075,0.004,0.058,0.002,1.2,71.0,59.0
2017-01-01 02:00,101,"19, Jong-ro 35ga-gil, Jongno-gu, Seoul, Republic of Korea",37.5720164,127.0050075,0.004,0.056,0.002,1.2,70.0,59.0
2017-01-01 03:00,101,"19, Jong-ro 35ga-gil, Jongno-gu, Seoul, Republic of Korea",37.5720164,127.0050075,0.004,0.056,0.002,1.2,70.0,58.0
2017-01-01 04:00,101,"19, Jong-ro 35ga-gil, Jongno-gu, Seoul, Republic of Korea",37.5720164,127.0050075,0.003,0.051,0.002,1.2,69.0,61.0
2017-01-01 05:00,101,"19, Jong-ro 35ga-gil, Jongno-gu, Seoul, Republic of Korea",37.5720164,127.0050075,0.003,0.046,0.002,1.1,70.0,61.0
2017-01-01 06:00,101,"19, Jong-ro 35ga-gil, Jongno-gu, Seoul, Republic of Korea",37.5720164,127.0050075,0.003,0.049,0.002,1.1,66.0,57.0
2017-01-01 07:00,101,"19, Jong-ro 35ga-gil, Jongno-gu, Seoul, Republic of Korea",37.5720164,127.0050075,0.003,0.045,0.002,1.0,71.0,60.0
2017-01-01 08:00,101,"19, Jong-ro 35ga-gil, Jongno-gu, Seoul, Republic of Korea",37.5720164,127.0050075,0.004,0.047,0.002,1.1,72.0,60.0
2017-01-01 09:00,101,"19, Jong-ro 35ga-gil, Jongno-gu, Seoul, Republic of Korea",37.5720164,127.0050075,0.003,0.047,0.002,1.1,74.0,63.0
2017-01-01 10:00,101,"19, Jong-ro 35ga-gil, Jongno-gu, Seoul, Republic of Korea",37.5720164,127.0050075,0.004,0.045,0.004,1.0,76.0,68.0
2017-01-01 11:00,101,"19, Jong-ro 35ga-gil, Jongno-gu, Seoul, Republic of Korea",37.5720164,127.0050075,0.004,0.048,0.005,1.0,83.0,74.0
2017-01-01 12:00,101,"19, Jong-ro 35ga-gil, Jongno-gu, Seoul, Republic of Korea",37.5720164,127.0050075,0.004,0.054000000000000006,0.005,1.0,93.0,79.0
2017-01-01 13:00,101,"19, Jong-ro 35ga-gil, Jongno-gu, Seoul, Republic of Korea",37.5720164,127.0050075,0.005,0.05,0.006999999999999999,1.0,94.0,79.0
2017-01-01 14:00,101,"19, Jong-ro 35ga-gil, Jongno-gu, Seoul, Republic of Korea",37.5720164,127.0050075,0.006,0.055,0.008,0.9,93.0,78.0
2017-01-01 15:00,101,"19, Jong-ro 35ga-gil, Jongno-gu, Seoul, Republic of Korea",37.5720164,127.0050075,0.006,0.056,0.008,0.8,87.0,69.0
2017-01-01 16:00,101,"19, Jong-ro 35ga-gil, Jongno-gu, Seoul, Republic of Korea",37.5720164,127.0050075,0.006,0.063,0.004,0.9,87.0,69.0
2017-01-01 17:00,101,"19, Jong-ro 35ga-gil, Jongno-gu, Seoul, Republic of Korea",37.5720164,127.0050075,0.005,0.063,0.002,0.9,91.0,72.0
2017-01-01 18:00,101,"19, Jong-ro 35ga-gil, Jongno-gu, Seoul, Republic of Korea",37.5720164,127.0050075,0.005,0.063,0.002,1.0,91.0,69.0
2017-01-01 19:00,101,"19, Jong-ro 35ga-gil, Jongno-gu, Seoul, Republic of Korea",37.5720164,127.0050075,0.005,0.062,0.002,1.0,92.0,70.0
2017-01-01 20:00,101,"19, Jong-ro 35ga-gil, Jongno-gu, Seoul, Republic of Korea",37.5720164,127.0050075,0.004,0.056,0.002,0.9,94.0,74.0
2017-01-01 21:00,101,"19, Jong-ro 35ga-gil, Jongno-gu, Seoul, Republic of Korea",37.5720164,127.0050075,0.004,0.058,0.002,0.9,93.0,74.0
2017-01-01 22:00,101,"19, Jong-ro 35ga-gil, Jongno-gu, Seoul, Republic of Korea",37.5720164,127.0050075,0.004,0.058,0.002,1.0,89.0,73.0
2017-01-01 23:00,101,"19, Jong-ro 35ga-gil, Jongno-gu, Seoul, Republic of Korea",37.5720164,127.0050075,0.004,0.057,0.002,1.0,91.0,72.0
2017-01-02 00:00,101,"19, Jong-ro 35ga-gil, Jongno-gu, Seoul, Republic of Korea",37.5720164,127.0050075,0.004,0.057,0.002,1.1,93.0,72.0
2017-01-02 01:00,101,"19, Jong-ro 35ga-gil, Jongno-gu, Seoul, Republic of Korea",37.5720164,127.0050075,0.004,0.057,0.002,1.0,92.0,74.0
2017-01-02 02:00,101,"19, Jong-ro 35ga-gil, Jongno-gu, Seoul, Republic of Korea",37.5720164,127.0050075,0.004,0.055,0.002,1.0,90.0,73.0
2017-01-02 03:00,101,"19, Jong-ro 35ga-gil, Jongno-gu, Seoul, Republic of Korea",37.5720164,127.0050075,0.004,0.053,0.002,1.0,92.0,74.0
2017-01-02 04:00,101,"19, Jong-ro 35ga-gil, Jongno-gu, Seoul, Republic of Korea",37.5720164,127.0050075,0.004,0.052000000000000005,0.002,1.1,92.0,76.0
2017-01-02 05:00,101,"19, Jong-ro 35ga-gil, Jongno-gu, Seoul, Republic of Korea",37.5720164,127.0050075,0.004,0.05,0.002,1.0,92.0,77.0
2017-01-02 06:00,101,"19, Jong-ro 35ga-gil, Jongno-gu, Seoul, Republic of Korea",37.5720164,127.0050075,0.004,0.05,0.002,1.0,92.0,76.0
2017-01-02 07:00,101,"19, Jong-ro 35ga-gil, Jongno-gu, Seoul, Republic of Korea",37.5720164,127.0050075,0.003,0.054000000000000006,0.002,1.2,88.0,74.0
2017-01-02 08:00,101,"19, Jong-ro 35ga-gil, Jongno-gu, Seoul, Republic of Korea",37.5720164,127.0050075,0.004,0.06,0.002,1.4,88.0,71.0
2017-01-02 09:00,101,"19, Jong-ro 35ga-gil, Jongno-gu, Seoul, Republic of Korea",37.5720164,127.0050075,0.005,0.066,0.002,1.5,88.0,69.0
2017-01-02 10:00,101,"19, Jong-ro 35ga-gil, Jongno-gu, Seoul, Republic of Korea",37.5720164,127.0050075,0.005,0.059,0.004,1.1,85.0,63.0
2017-01-02 11:00,101,"19, Jong-ro 35ga-gil, Jongno-gu, Seoul, Republic of Korea",37.5720164,127.0050075,0.005,0.055,0.008,0.8,73.0,55.0
2017-01-02 12:00,101,"19, Jong-ro 35ga-gil, Jongno-gu, Seoul, Republic of Korea",37.5720164,127.0050075,0.006,0.037000000000000005,0.031,0.7,80.0,59.0
2017-01-02 13:00,101,"19, Jong-ro 35ga-gil, Jongno-gu, Seoul, Republic of Korea",37.5720164,127.0050075,0.006999999999999999,0.037000000000000005,0.034,0.8,104.0,80.0
2017-01-02 14:00,101,"19, Jong-ro 35ga-gil, Jongno-gu, Seoul, Republic of Korea",37.5720164,127.0050075,0.006,0.035,0.036000000000000004,0.9,117.0,90.0
2017-01-02 15:00,101,"19, Jong-ro 35ga-gil, Jongno-gu, Seoul, Republic of Korea",37.5720164,127.0050075,0.006,0.038,0.033,1.0,130.0,98.0
2017-01-02 16:00,101,"19, Jong-ro 35ga-gil, Jongno-gu, Seoul, Republic of Korea",37.5720164,127.0050075,0.006,0.039,0.034,1.0,140.0,107.0
2017-01-02 17:00,101,"19, Jong-ro 35ga-gil, Jongno-gu, Seoul, Republic of Korea",37.5720164,127.0050075,0.006,0.039,0.032,1.0,148.0,113.0
2017-01-02 18:00,101,"19, Jong-ro 35ga-gil, Jongno-gu, Seoul, Republic of Korea",37.5720164,127.0050075,0.005,0.04,0.029,1.0,150.0,116.0
2017-01-02 19:00,101,"19, Jong-ro 35ga-gil, Jongno-gu, Seoul, Republic of Korea",37.5720164,127.0050075,0.005,0.045,0.023,1.0,160.0,121.0
2017-01-02 20:00,101,"19, Jong-ro 35ga-gil, Jongno-gu, Seoul, Republic of Korea",37.5720164,127.0050075,0.004,0.044,0.019,1.0,154.0,116.0
2017-01-02 21:00,101,"19, Jong-ro 35ga-gil, Jongno-gu, Seoul, Republic of Korea",37.5720164,127.0050075,0.004,0.041,0.018000000000000002,1.1,153.0,113.0
2017-01-02 22:00,101,"19, Jong-ro 35ga-gil, Jongno-gu, Seoul, Republic of Korea",37.5720164,127.0050075,0.005,0.028,0.031,0.9,146.0,111.0
2017-01-02 23:00,101,"19, Jong-ro 35ga-gil, Jongno-gu, Seoul, Republic of Korea",37.5720164,127.0050075,0.005,0.019,0.041,0.9,145.0,114.0
2017-01-03 00:00,101,"19, Jong-ro 35ga-gil, Jongno-gu, Seoul, Republic of Korea",37.5720164,127.0050075,0.005,0.022,0.034,1.0,148.0,113.0
2017-01-03 01:00,101,"19, Jong-ro 35ga-gil, Jongno-gu, Seoul, Republic of Korea",37.5720164,127.0050075,0.004,0.023,0.029,1.0,142.0,109.0
2017-01-03 02:00,101,"19, Jong-ro 35ga-gil, Jongno-gu, Seoul, Republic of Korea",37.5720164,127.0050075,0.004,0.015,0.035,0.8,122.0,95.0
2017-01-03 03:00,101,"19, Jong-ro 35ga-gil, Jongno-gu, Seoul, Republic of Korea",37.5720164,127.0050075,0.004,0.015,0.033,0.7,100.0,73.0
2017-01-03 04:00,101,"19, Jong-ro 35ga-gil, Jongno-gu, Seoul, Republic of Korea",37.5720164,127.0050075,0.004,0.019,0.029,0.8,95.0,69.0
2017-01-03 05:00,101,"19, Jong-ro 35ga-gil, Jongno-gu, Seoul, Republic of Korea",37.5720164,127.0050075,0.004,0.026,0.022,0.8,94.0,70.0
2017-01-03 06:00,101,"19, Jong-ro 35ga-gil, Jongno-gu, Seoul, Republic of Korea",37.5720164,127.0050075,0.004,0.037000000000000005,0.012,0.8,83.0,58.0
2017-01-03 07:00,101,"19, Jong-ro 35ga-gil, Jongno-gu, Seoul, Republic of Korea",37.5720164,127.0050075,0.004,0.057,0.003,1.0,72.0,51.0
2017-01-03 08:00,101,"19, Jong-ro 35ga-gil, Jongno-gu, Seoul, Republic of Korea",37.5720164,127.0050075,0.004,0.065,0.003,1.4,76.0,57.0
2017-01-03 09:00,101,"19, Jong-ro 35ga-gil, Jongno-gu, Seoul, Republic of Korea",37.5720164,127.0050075,0.005,0.055,0.006,1.2,82.0,54.0
2017-01-03 10:00,101,"19, Jong-ro 35ga-gil, Jongno-gu, Seoul, Republic of Korea",37.5720164,127.0050075,0.006,0.046,0.012,0.9,76.0,57.0
2017-01-03 11:00,101,"19, Jong-ro 35ga-gil, Jongno-gu, Seoul, Republic of Korea",37.5720164,127.0050075,0.006,0.052000000000000005,0.011,0.9,75.0,53.0
2017-01-03 12:00,101,"19, Jong-ro 35ga-gil, Jongno-gu, Seoul, Republic of Korea",37.5720164,127.0050075,0.006,0.052000000000000005,0.016,0.8,75.0,53.0
2017-01-03 13:00,101,"19, Jong-ro 35ga-gil, Jongno-gu, Seoul, Republic of Korea",37.5720164,127.0050075,0.006,0.056,0.013,0.8,71.0,48.0
2017-01-03 14:00,101,"19, Jong-ro 35ga-gil, Jongno-gu, Seoul, Republic of Korea",37.5720164,127.0050075,0.006999999999999999,0.045,0.02,0.6,76.0,53.0
2017-01-03 15:00,101,"19, Jong-ro 35ga-gil, Jongno-gu, Seoul, Republic of Korea",37.5720164,127.0050075,0.006,0.044,0.019,0.6,59.0,39.0
2017-01-03 16:00,101,"19, Jong-ro 35ga-gil, Jongno-gu, Seoul, Republic of Korea",37.5720164,127.0050075,0.005,0.047,0.016,0.5,52.0,32.0
2017-01-03 17:00,101,"19, Jong-ro 35ga-gil, Jongno-gu, Seoul, Republic of Korea",37.5720164,127.0050075,0.005,0.053,0.008,0.6,42.0,25.0
2017-01-03 18:00,101,"19, Jong-ro 35ga-gil, Jongno-gu, Seoul, Republic of Korea",37.5720164,127.0050075,0.004,0.062,0.002,0.7,38.0,21.0
2017-01-03 19:00,101,"19, Jong-ro 35ga-gil, Jongno-gu, Seoul, Republic of Korea",37.5720164,127.0050075,0.004,0.062,0.002,0.8,36.0,22.0
2017-01-03 20:00,101,"19, Jong-ro 35ga-gil, Jongno-gu, Seoul, Republic of Korea",37.5720164,127.0050075,0.004,0.067,0.002,0.8,33.0,21.0
2017-01-03 21:00,101,"19, Jong-ro 35ga-gil, Jongno-gu, Seoul, Republic of Korea",37.5720164,127.0050075,0.005,0.066,0.002,0.8,35.0,24.0
2017-01-03 22:00,101,"19, Jong-ro 35ga-gil, Jongno-gu, Seoul, Republic of Korea",37.5720164,127.0050075,0.005,0.066,0.002,0.7,35.0,23.0
2017-01-03 23:00,101,"19, Jong-ro 35ga-gil, Jongno-gu, Seoul, Republic of Korea",37.5720164,127.0050075,0.005,0.07,0.002,1.0,33.0,24.0
2017-01-04 00:00,101,"19, Jong-ro 35ga-gil, Jongno-gu, Seoul, Republic of Korea",37.5720164,127.0050075,0.005,0.073,0.002,1.2,36.0,24.0
2017-01-04 01:00,101,"19, Jong-ro 35ga-gil, Jongno-gu, Seoul, Republic of Korea",37.5720164,127.0050075,0.005,0.065,0.002,0.9,32.0,20.0
2017-01-04 02:00,101,"19, Jong-ro 35ga-gil, Jongno-gu, Seoul, Republic of Korea",37.5720164,127.0050075,0.005,0.062,0.002,0.9,29.0,21.0
2017-01-04 03:00,101,"19, Jong-ro 35ga-gil, Jongno-gu, Seoul, Republic of Korea",37.5720164,127.0050075,0.005,0.063,0.002,0.9,34.0,21.0
2017-01-04 04:00,101,"19, Jong-ro 35ga-gil, Jongno-gu, Seoul, Republic of Korea",37.5720164,127.0050075,0.005,0.06,0.002,0.8,37.0,23.0
2017-01-04 05:00,101,"19, Jong-ro 35ga-gil, Jongno-gu, Seoul, Republic of Korea",37.5720164,127.0050075,0.005,0.061,0.002,0.9,36.0,22.0
2017-01-04 06:00,101,"19, Jong-ro 35ga-gil, Jongno-gu, Seoul, Republic of Korea",37.5720164,127.0050075,0.005,0.061,0.002,0.9,38.0,28.0
2017-01-04 07:00,101,"19, Jong-ro 35ga-gil, Jongno-gu, Seoul, Republic of Korea",37.5720164,127.0050075,0.005,0.071,0.002,1.3,41.0,29.0
2017-01-04 08:00,101,"19, Jong-ro 35ga-gil, Jongno-gu, Seoul, Republic of Korea",37.5720164,127.0050075,0.005,0.07400000000000001,0.002,1.4,43.0,30.0
2017-01-04 09:00,101,"19, Jong-ro 35ga-gil, Jongno-gu, Seoul, Republic of Korea",37.5720164,127.0050075,0.006,0.077,0.003,1.7,51.0,34.0
2017-01-04 10:00,101,"19, Jong-ro 35ga-gil, Jongno-gu, Seoul, Republic of Korea",37.5720164,127.0050075,0.006999999999999999,0.083,0.003,1.7,64.0,48.0
2017-01-04 11:00,101,"19, Jong-ro 35ga-gil, Jongno-gu, Seoul, Republic of Korea",37.5720164,127.0050075,0.006999999999999999,0.064,0.014,1.3,80.0,60.0
2017-01-04 12:00,101,"19, Jong-ro 35ga-gil, Jongno-gu, Seoul, Republic of Korea",37.5720164,127.0050075,0.006999999999999999,0.051,0.016,1.0,83.0,56.0
2017-01-04 13:00,101,"19, Jong-ro 35ga-gil, Jongno-gu, Seoul, Republic of Korea",37.5720164,127.0050075,0.006999999999999999,0.052000000000000005,0.017,0.9,80.0,56.0
2017-01-04 14:00,101,"19, Jong-ro 35ga-gil, Jongno-gu, Seoul, Republic of Korea",37.5720164,127.0050075,0.006,0.037000000000000005,0.026,0.7,68.0,50.0
2017-01-04 15:00,101,"19, Jong-ro 35ga-gil, Jongno-gu, Seoul, Republic of Korea",37.5720164,127.0050075,0.005,0.032,0.029,0.6,57.0,38.0
2017-01-04 16:00,101,"19, Jong-ro 35ga-gil, Jongno-gu, Seoul, Republic of Korea",37.5720164,127.0050075,0.005,0.036000000000000004,0.025,0.7,52.0,35.0
2017-01-04 17:00,101,"19, Jong-ro 35ga-gil, Jongno-gu, Seoul, Republic of Korea",37.5720164,127.0050075,0.005,0.043,0.017,0.7,57.0,36.0
2017-01-04 18:00,101,"19, Jong-ro 35ga-gil, Jongno-gu, Seoul, Republic of Korea",37.5720164,127.0050075,0.005,0.047,0.014,0.8,58.0,37.0
2017-01-04 19:00,101,"19, Jong-ro 35ga-gil, Jongno-gu, Seoul, Republic of Korea",37.5720164,127.0050075,0.005,0.048,0.011,0.8,57.0,41.0
2017-01-04 20:00,101,"19, Jong-ro 35ga-gil, Jongno-gu, Seoul, Republic of Korea",37.5720164,127.0050075,0.005,0.053,0.006999999999999999,0.7,49.0,35.0
2017-01-04 21:00,101,"19, Jong-ro 35ga-gil, Jongno-gu, Seoul, Republic of Korea",37.5720164,127.0050075,0.004,0.054000000000000006,0.006,0.8,48.0,31.0
2017-01-04 22:00,101,"19, Jong-ro 35ga-gil, Jongno-gu, Seoul, Republic of Korea",37.5720164,127.0050075,0.005,0.065,0.002,1.1,46.0,31.0
2017-01-04 23:00,101,"19, Jong-ro 35ga-gil, Jongno-gu, Seoul, Republic of Korea",37.5720164,127.0050075,0.005,0.064,0.002,1.1,51.0,32.0
2017-01-05 00:00,101,"19, Jong-ro 35ga-gil, Jongno-gu, Seoul, Republic of Korea",37.5720164,127.0050075,0.004,0.055,0.004,0.9,49.0,32.0
2017-01-05 01:00,101,"19, Jong-ro 35ga-gil, Jongno-gu, Seoul, Republic of Korea",37.5720164,127.0050075,0.004,0.055,0.002,0.9,50.0,32.0
2017-01-05 02:00,101,"19, Jong-ro 35ga-gil, Jongno-gu, Seoul, Republic of Korea",37.5720164,127.0050075,0.005,0.052000000000000005,0.003,0.9,54.0,34.0
2017-01-05 03:00,101,"19, Jong-ro 35ga-gil, Jongno-gu, Seoul, Republic of Korea",37.5720164,127.0050075,0.005,0.05,0.003,0.9,55.0,37.0
2017-01-05 04:00,101,"19, Jong-ro 35ga-gil, Jongno-gu, Seoul, Republic of Korea",37.5720164,127.0050075,0.004,0.05,0.002,0.9,59.0,39.0
2017-01-05 05:00,101,"19, Jong-ro 35ga-gil, Jongno-gu, Seoul, Republic of Korea",37.5720164,127.0050075,0.005,0.049,0.002,0.9,59.0,41.0
2017-01-05 06:00,101,"19, Jong-ro 35ga-gil, Jongno-gu, Seoul, Republic of Korea",37.5720164,127.0050075,0.005,0.053,0.002,0.1,63.0,43.0
2017-01-05 07:00,101,"19, Jong-ro 35ga-gil, Jongno-gu, Seoul, Republic of Korea",37.5720164,127.0050075,0.005,0.058,0.002,1.2,58.0,44.0
2017-01-05 08:00,101,"19, Jong-ro 35ga-gil, Jongno-gu, Seoul, Republic of Korea",37.5720164,127.0050075,0.005,0.058,0.003,1.0,57.0,43.0
2017-01-05 09:00,101,"19, Jong-ro 35ga-gil, Jongno-gu, Seoul, Republic of Korea",37.5720164,127.0050075,0.005,0.053,0.004,1.1,60.0,43.0
2017-01-05 10:00,101,"19, Jong-ro 35ga-gil, Jongno-gu, Seoul, Republic of Korea",37.5720164,127.0050075,0.005,0.053,0.006,0.9,58.0,38.0
2017-01-05 11:00,101,"19, Jong-ro 35ga-gil, Jongno-gu, Seoul, Republic of Korea",37.5720164,127.0050075,0.005,0.048,0.005,0.7,45.0,30.0
2017-01-05 12:00,101,"19, Jong-ro 35ga-gil, Jongno-gu, Seoul, Republic of Korea",37.5720164,127.0050075,0.005,0.035,0.015,0.5,37.0,23.0
2017-01-05 13:00,101,"19, Jong-ro 35ga-gil, Jongno-gu, Seoul, Republic of Korea",37.5720164,127.0050075,0.005,0.027000000000000003,0.022,0.4,19.0,11.0
2017-01-05 14:00,101,"19, Jong-ro 35ga-gil, Jongno-gu, Seoul, Republic of Korea",37.5720164,127.0050075,0.004,0.022,0.025,0.4,22.0,6.0
2017-01-05 15:00,101,"19, Jong-ro 35ga-gil, Jongno-gu, Seoul, Republic of Korea",37.5720164,127.0050075,0.004,0.027000000000000003,0.022,0.4,14.0,6.0
2017-01-05 16:00,101,"19, Jong-ro 35ga-gil, Jongno-gu, Seoul, Republic of Korea",37.5720164,127.0050075,0.004,0.031,0.019,0.4,16.0,4.0
2017-01-05 17:00,101,"19, Jong-ro 35ga-gil, Jongno-gu, Seoul, Republic of Korea",37.5720164,127.0050075,0.004,0.036000000000000004,0.015,0.4,15.0,4.0
2017-01-05 18:00,101,"19, Jong-ro 35ga-gil, Jongno-gu, Seoul, Republic of Korea",37.5720164,127.0050075,0.004,0.034,0.015,0.4,13.0,6.0
2017-01-05 19:00,101,"19, Jong-ro 35ga-gil, Jongno-gu, Seoul, Republic of Korea",37.5720164,127.0050075,0.004,0.029,0.019,0.3,9.0,4.0
2017-01-05 20:00,101,"19, Jong-ro 35ga-gil, Jongno-gu, Seoul, Republic of Korea",37.5720164,127.0050075,0.003,0.032,0.017,0.3,6.0,2.0
2017-01-05 21:00,101,"19, Jong-ro 35ga-gil, Jongno-gu, Seoul, Republic of Korea",37.5720164,127.0050075,0.004,0.033,0.016,0.4,6.0,1.0
2017-01-05 22:00,101,"19, Jong-ro 35ga-gil, Jongno-gu, Seoul, Republic of Korea",37.5720164,127.0050075,0.003,0.025,0.021,0.3,6.0,2.0
2017-01-05 23:00,101,"19, Jong-ro 35ga-gil, Jongno-gu, Seoul, Republic of Korea",37.5720164,127.0050075,0.003,0.027000000000000003,0.02,0.3,7.0,2.0
2017-01-06 00:00,101,"19, Jong-ro 35ga-gil, Jongno-gu, Seoul, Republic of Korea",37.5720164,127.0050075,0.003,0.021,0.024,0.3,7.0,2.0
2017-01-06 01:00,101,"19, Jong-ro 35ga-gil, Jongno-gu, Seoul, Republic of Korea",37.5720164,127.0050075,0.003,0.019,0.026,0.3,4.0,1.0
2017-01-06 02:00,101,"19, Jong-ro 35ga-gil, Jongno-gu, Seoul, Republic of Korea",37.5720164,127.0050075,0.003,0.015,0.028,0.3,5.0,1.0
2017-01-06 03:00,101,"19, Jong-ro 35ga-gil, Jongno-gu, Seoul, Republic of Korea",37.5720164,127.0050075,0.003,0.016,0.027000000000000003,0.3,5.0,2.0
2017-01-06 04:00,101,"19, Jong-ro 35ga-gil, Jongno-gu, Seoul, Republic of Korea",37.5720164,127.0050075,0.003,0.016,0.027000000000000003,0.3,4.0,1.0
2017-01-06 05:00,101,"19, Jong-ro 35ga-gil, Jongno-gu, Seoul, Republic of Korea",37.5720164,127.0050075,0.003,0.025,0.02,0.3,8.0,1.0
2017-01-06 06:00,101,"19, Jong-ro 35ga-gil, Jongno-gu, Seoul, Republic of Korea",37.5720164,127.0050075,0.003,0.036000000000000004,0.011,0.3,7.0,1.0
2017-01-06 07:00,101,"19, Jong-ro 35ga-gil, Jongno-gu, Seoul, Republic of Korea",37.5720164,127.0050075,0.003,0.047,0.004,0.6,7.0,3.0
2017-01-06 08:00,101,"19, Jong-ro 35ga-gil, Jongno-gu, Seoul, Republic of Korea",37.5720164,127.0050075,0.003,0.05,0.004,0.6,12.0,5.0
2017-01-06 09:00,101,"19, Jong-ro 35ga-gil, Jongno-gu, Seoul, Republic of Korea",37.5720164,127.0050075,0.003,0.045,0.008,0.6,15.0,5.0
2017-01-06 10:00,101,"19, Jong-ro 35ga-gil, Jongno-gu, Seoul, Republic of Korea",37.5720164,127.0050075,0.004,0.038,0.012,0.5,19.0,8.0
2017-01-06 11:00,101,"19, Jong-ro 35ga-gil, Jongno-gu, Seoul, Republic of Korea",37.5720164,127.0050075,0.004,0.039,0.013,0.5,22.0,10.0
2017-01-06 12:00,101,"19, Jong-ro 35ga-gil, Jongno-gu, Seoul, Republic of Korea",37.5720164,127.0050075,0.004,0.034,0.018000000000000002,0.4,22.0,7.0
2017-01-06 13:00,101,"19, Jong-ro 35ga-gil, Jongno-gu, Seoul, Republic of Korea",37.5720164,127.0050075,0.005,0.033,0.019,0.4,19.0,9.0
2017-01-06 14:00,101,"19, Jong-ro 35ga-gil, Jongno-gu, Seoul, Republic of Korea",37.5720164,127.0050075,0.004,0.035,0.017,0.5,19.0,15.0
2017-01-06 15:00,101,"19, Jong-ro 35ga-gil, Jongno-gu, Seoul, Republic of Korea",37.5720164,127.0050075,0.004,0.036000000000000004,0.019,0.5,21.0,15.0
2017-01-06 16:00,101,"19, Jong-ro 35ga-gil, Jongno-gu, Seoul, Republic of Korea",37.5720164,127.0050075,0.004,0.041,0.014,0.5,25.0,13.0
2017-01-06 17:00,101,"19, Jong-ro 35ga-gil, Jongno-gu, Seoul, Republic of Korea",37.5720164,127.0050075,0.004,0.054000000000000006,0.004,0.6,31.0,23.0
2017-01-06 18:00,101,"19, Jong-ro 35ga-gil, Jongno-gu, Seoul, Republic of Korea",37.5720164,127.0050075,0.004,0.059,0.002,0.7,35.0,21.0
2017-01-06 19:00,101,"19, Jong-ro 35ga-gil, Jongno-gu, Seoul, Republic of Korea",37.5720164,127.0050075,0.004,0.06,0.002,0.7,39.0,23.0
2017-01-06 20:00,101,"19, Jong-ro 35ga-gil, Jongno-gu, Seoul, Republic of Korea",37.5720164,127.0050075,0.004,0.054000000000000006,0.002,0.7,40.0,27.0
2017-01-06 21:00,101,"19, Jong-ro 35ga-gil, Jongno-gu, Seoul, Republic of Korea",37.5720164,127.0050075,0.004,0.058,0.002,0.8,35.0,22.0
2017-01-06 22:00,101,"19, Jong-ro 35ga-gil, Jongno-gu, Seoul, Republic of Korea",37.5720164,127.0050075,0.004,0.068,0.002,1.0,37.0,21.0
2017-01-06 23:00,101,"19, Jong-ro 35ga-gil, Jongno-gu, Seoul, Republic of Korea",37.5720164,127.0050075,0.005,0.071,0.002,1.2,40.0,22.0
2017-01-07 00:00,101,"19, Jong-ro 35ga-gil, Jongno-gu, Seoul, Republic of Korea",37.5720164,127.0050075,0.004,0.071,0.002,1.3,41.0,27.0
2017-01-07 01:00,101,"19, Jong-ro 35ga-gil, Jongno-gu, Seoul, Republic of Korea",37.5720164,127.0050075,0.005,0.073,0.002,1.4,38.0,26.0
2017-01-07 02:00,101,"19, Jong-ro 35ga-gil, Jongno-gu, Seoul, Republic of Korea",37.5720164,127.0050075,0.004,0.064,0.002,1.2,43.0,33.0
2017-01-07 03:00,101,"19, Jong-ro 35ga-gil, Jongno-gu, Seoul, Republic of Korea",37.5720164,127.0050075,0.004,0.061,0.002,1.2,44.0,32.0
2017-01-07 04:00,101,"19, Jong-ro 35ga-gil, Jongno-gu, Seoul, Republic of Korea",37.5720164,127.0050075,0.004,0.054000000000000006,0.002,1.1,42.0,31.0
2017-01-07 05:00,101,"19, Jong-ro 35ga-gil, Jongno-gu, Seoul, Republic of Korea",37.5720164,127.0050075,0.004,0.049,0.002,0.9,42.0,33.0
2017-01-07 06:00,101,"19, Jong-ro 35ga-gil, Jongno-gu, Seoul, Republic of Korea",37.5720164,127.0050075,0.004,0.048,0.002,0.9,42.0,33.0
2017-01-07 07:00,101,"19, Jong-ro 35ga-gil, Jongno-gu, Seoul, Republic of Korea",37.5720164,127.0050075,0.004,0.052000000000000005,0.002,1.1,45.0,36.0
2017-01-07 08:00,101,"19, Jong-ro 35ga-gil, Jongno-gu, Seoul, Republic of Korea",37.5720164,127.0050075,0.004,0.048,0.002,1.0,52.0,39.0
2017-01-07 09:00,101,"19, Jong-ro 35ga-gil, Jongno-gu, Seoul, Republic of Korea",37.5720164,127.0050075,0.004,0.051,0.003,1.0,55.0,42.0
2017-01-07 10:00,101,"19, Jong-ro 35ga-gil, Jongno-gu, Seoul, Republic of Korea",37.5720164,127.0050075,0.004,0.04,0.006,0.7,53.0,38.0
2017-01-07 11:00,101,"19, Jong-ro 35ga-gil, Jongno-gu, Seoul, Republic of Korea",37.5720164,127.0050075,0.005,0.044,0.006999999999999999,0.8,50.0,36.0
2017-01-07 12:00,101,"19, Jong-ro 35ga-gil, Jongno-gu, Seoul, Republic of Korea",37.5720164,127.0050075,0.006,0.043,0.011,0.7,58.0,39.0
2017-01-07 13:00,101,"19, Jong-ro 35ga-gil, Jongno-gu, Seoul, Republic of Korea",37.5720164,127.0050075,0.006,0.043,0.017,0.6,60.0,44.0
2017-01-07 14:00,101,"19, Jong-ro 35ga-gil, Jongno-gu, Seoul, Republic of Korea",37.5720164,127.0050075,0.005,0.057,0.009000000000000001,0.7,69.0,52.0
2017-01-07 15:00,101,"19, Jong-ro 35ga-gil, Jongno-gu, Seoul, Republic of Korea",37.5720164,127.0050075,0.005,0.061,0.006999999999999999,0.7,73.0,54.0
2017-01-07 16:00,101,"19, Jong-ro 35ga-gil, Jongno-gu, Seoul, Republic of Korea",37.5720164,127.0050075,0.005,0.061,0.005,0.7,76.0,56.0
2017-01-07 17:00,101,"19, Jong-ro 35ga-gil, Jongno-gu, Seoul, Republic of Korea",37.5720164,127.0050075,0.005,0.066,0.002,0.9,77.0,61.0
2017-01-07 18:00,101,"19, Jong-ro 35ga-gil, Jongno-gu, Seoul, Republic of Korea",37.5720164,127.0050075,0.004,0.068,0.002,1.0,73.0,57.0
2017-01-07 19:00,101,"19, Jong-ro 35ga-gil, Jongno-gu, Seoul, Republic of Korea",37.5720164,127.0050075,0.005,0.067,0.002,0.9,65.0,48.0
2017-01-07 20:00,101,"19, Jong-ro 35ga-gil, Jongno-gu, Seoul, Republic of Korea",37.5720164,127.0050075,0.005,0.063,0.002,0.9,60.0,44.0
2017-01-07 21:00,101,"19, Jong-ro 35ga-gil, Jongno-gu, Seoul, Republic of Korea",37.5720164,127.0050075,0.005,0.064,0.002,0.9,57.0,42.0
2017-01-07 22:00,101,"19, Jong-ro 35ga-gil, Jongno-gu, Seoul, Republic of Korea",37.5720164,127.0050075,0.005,0.065,0.002,1.0,56.0,40.0
2017-01-07 23:00,101,"19, Jong-ro 35ga-gil, Jongno-gu, Seoul, Republic of Korea",37.5720164,127.0050075,0.005,0.062,0.002,0.9,58.0,41.0
2017-01-08 00:00,101,"19, Jong-ro 35ga-gil, Jongno-gu, Seoul, Republic of Korea",37.5720164,127.0050075,0.005,0.062,0.002,1.1,51.0,39.0
2017-01-08 01:00,101,"19, Jong-ro 35ga-gil, Jongno-gu, Seoul, Republic of Korea",37.5720164,127.0050075,0.005,0.055,0.002,0.8,44.0,33.0
2017-01-08 02:00,101,"19, Jong-ro 35ga-gil, Jongno-gu, Seoul, Republic of Korea",37.5720164,127.0050075,0.004,0.052000000000000005,0.003,0.7,40.0,29.0
2017-01-08 03:00,101,"19, Jong-ro 35ga-gil, Jongno-gu, Seoul, Republic of Korea",37.5720164,127.0050075,0.004,0.054000000000000006,0.002,0.8,36.0,26.0
2017-01-08 04:00,101,"19, Jong-ro 35ga-gil, Jongno-gu, Seoul, Republic of Korea",37.5720164,127.0050075,0.004,0.042,0.006,0.6,37.0,25.0
2017-01-08 05:00,101,"19, Jong-ro 35ga-gil, Jongno-gu, Seoul, Republic of Korea",37.5720164,127.0050075,0.004,0.04,0.006999999999999999,0.6,32.0,23.0
2017-01-08 06:00,101,"19, Jong-ro 35ga-gil, Jongno-gu, Seoul, Republic of Korea",37.5720164,127.0050075,0.004,0.044,0.005,0.6,32.0,24.0
2017-01-08 07:00,101,"19, Jong-ro 35ga-gil, Jongno-gu, Seoul, Republic of Korea",37.5720164,127.0050075,0.004,0.047,0.003,0.6,29.0,20.0
2017-01-08 08:00,101,"19, Jong-ro 35ga-gil, Jongno-gu, Seoul, Republic of Korea",37.5720164,127.0050075,0.004,0.047,0.005,0.7,33.0,23.0
2017-01-08 09:00,101,"19, Jong-ro 35ga-gil, Jongno-gu, Seoul, Republic of Korea",37.5720164,127.0050075,0.004,0.036000000000000004,0.013,0.6,30.0,22.0
2017-01-08 10:00,101,"19, Jong-ro 35ga-gil, Jongno-gu, Seoul, Republic of Korea",37.5720164,127.0050075,0.004,0.032,0.019,0.5,27.0,20.0
2017-01-08 11:00,101,"19, Jong-ro 35ga-gil, Jongno-gu, Seoul, Republic of Korea",37.5720164,127.0050075,0.004,0.023,0.027000000000000003,0.5,21.0,14.0
2017-01-08 12:00,101,"19, Jong-ro 35ga-gil, Jongno-gu, Seoul, Republic of Korea",37.5720164,127.0050075,0.005,0.024,0.027000000000000003,0.4,24.0,17.0
2017-01-08 13:00,101,"19, Jong-ro 35ga-gil, Jongno-gu, Seoul, Republic of Korea",37.5720164,127.0050075,0.004,0.027000000000000003,0.026,0.4,23.0,17.0
2017-01-08 14:00,101,"19, Jong-ro 35ga-gil, Jongno-gu, Seoul, Republic of Korea",37.5720164,127.0050075,0.005,0.032,0.021,0.4,22.0,17.0
2017-01-08 15:00,101,"19, Jong-ro 35ga-gil, Jongno-gu, Seoul, Republic of Korea",37.5720164,127.0050075,0.004,0.033,0.019,0.5,31.0,21.0
2017-01-08 16:00,101,"19, Jong-ro 35ga-gil, Jongno-gu, Seoul, Republic of Korea",37.5720164,127.0050075,0.004,0.03,0.021,0.5,28.0,21.0
2017-01-08 17:00,101,"19, Jong-ro 35ga-gil, Jongno-gu, Seoul, Republic of Korea",37.5720164,127.0050075,0.004,0.034,0.018000000000000002,0.5,25.0,18.0
2017-01-08 18:00,101,"19, Jong-ro 35ga-gil, Jongno-gu, Seoul, Republic of Korea",37.5720164,127.0050075,0.004,0.03,0.022,0.4,26.0,18.0
2017-01-08 19:00,101,"19, Jong-ro 35ga-gil, Jongno-gu, Seoul, Republic of Korea",37.5720164,127.0050075,0.004,0.019,0.029,0.4,22.0,17.0
2017-01-08 20:00,101,"19, Jong-ro 35ga-gil, Jongno-gu, Seoul, Republic of Korea",37.5720164,127.0050075,0.004,0.021,0.026,0.5,23.0,20.0
2017-01-08 21:00,101,"19, Jong-ro 35ga-gil, Jongno-gu, Seoul, Republic of Korea",37.5720164,127.0050075,0.003,0.017,0.028,0.5,30.0,24.0
2017-01-08 22:00,101,"19, Jong-ro 35ga-gil, Jongno-gu, Seoul, Republic of Korea",37.5720164,127.0050075,0.003,0.02,0.024,0.5,29.0,22.0
2017-01-08 23:00,101,"19, Jong-ro 35ga-gil, Jongno-gu, Seoul, Republic of Korea",37.5720164,127.0050075,0.003,0.016,0.03,0.5,35.0,29.0
2017-01-09 00:00,101,"19, Jong-ro 35ga-gil, Jongno-gu, Seoul, Republic of Korea",37.5720164,127.0050075,0.003,0.014,0.035,0.5,39.0,32.0
2017-01-09 01:00,101,"19, Jong-ro 35ga-gil, Jongno-gu, Seoul, Republic of Korea",37.5720164,127.0050075,0.003,0.012,0.036000000000000004,0.4,40.0,29.0
2017-01-09 02:00,101,"19, Jong-ro 35ga-gil, Jongno-gu, Seoul, Republic of Korea",37.5720164,127.0050075,0.003,0.012,0.035,0.5,41.0,30.0
2017-01-09 03:00,101,"19, Jong-ro 35ga-gil, Jongno-gu, Seoul, Republic of Korea",37.5720164,127.0050075,0.003,0.012,0.034,0.5,41.0,32.0
2017-01-09 04:00,101,"19, Jong-ro 35ga-gil, Jongno-gu, Seoul, Republic of Korea",37.5720164,127.0050075,0.003,0.011,0.037000000000000005,0.5,45.0,34.0
2017-01-09 05:00,101,"19, Jong-ro 35ga-gil, Jongno-gu, Seoul, Republic of Korea",37.5720164,127.0050075,0.003,0.013,0.035,0.5,43.0,32.0
2017-01-09 06:00,101,"19, Jong-ro 35ga-gil, Jongno-gu, Seoul, Republic of Korea",37.5720164,127.0050075,0.003,0.02,0.03,0.6,43.0,36.0
2017-01-09 07:00,101,"19, Jong-ro 35ga-gil, Jongno-gu, Seoul, Republic of Korea",37.5720164,127.0050075,0.004,0.024,0.027000000000000003,0.6,45.0,37.0
2017-01-09 08:00,101,"19, Jong-ro 35ga-gil, Jongno-gu, Seoul, Republic of Korea",37.5720164,127.0050075,0.004,0.029,0.018000000000000002,1.0,65.0,53.0
2017-01-09 09:00,101,"19, Jong-ro 35ga-gil, Jongno-gu, Seoul, Republic of Korea",37.5720164,127.0050075,0.006,0.03,0.018000000000000002,1.2,94.0,84.0
2017-01-09 10:00,101,"19, Jong-ro 35ga-gil, Jongno-gu, Seoul, Republic of Korea",37.5720164,127.0050075,0.006999999999999999,0.025,0.023,1.1,94.0,83.0
2017-01-09 11:00,101,"19, Jong-ro 35ga-gil, Jongno-gu, Seoul, Republic of Korea",37.5720164,127.0050075,0.006999999999999999,0.03,0.021,1.1,91.0,81.0
2017-01-09 12:00,101,"19, Jong-ro 35ga-gil, Jongno-gu, Seoul, Republic of Korea",37.5720164,127.0050075,0.006,0.024,0.027000000000000003,0.9,85.0,75.0
2017-01-09 13:00,101,"19, Jong-ro 35ga-gil, Jongno-gu, Seoul, Republic of Korea",37.5720164,127.0050075,0.006,0.021,0.033,0.7,73.0,65.0
2017-01-09 14:00,101,"19, Jong-ro 35ga-gil, Jongno-gu, Seoul, Republic of Korea",37.5720164,127.0050075,0.006,0.021,0.035,0.6,62.0,47.0
2017-01-09 15:00,101,"19, Jong-ro 35ga-gil, Jongno-gu, Seoul, Republic of Korea",37.5720164,127.0050075,0.006,0.021,0.035,0.5,52.0,42.0
2017-01-09 16:00,101,"19, Jong-ro 35ga-gil, Jongno-gu, Seoul, Republic of Korea",37.5720164,127.0050075,0.006,0.024,0.032,0.5,55.0,41.0
2017-01-09 17:00,101,"19, Jong-ro 35ga-gil, Jongno-gu, Seoul, Republic of Korea",37.5720164,127.0050075,0.005,0.028,0.028,0.6,54.0,44.0
2017-01-09 18:00,101,"19, Jong-ro 35ga-gil, Jongno-gu, Seoul, Republic of Korea",37.5720164,127.0050075,0.005,0.034,0.022,0.6,50.0,38.0
2017-01-09 19:00,101,"19, Jong-ro 35ga-gil, Jongno-gu, Seoul, Republic of Korea",37.5720164,127.0050075,0.005,0.031,0.022,0.5,49.0,39.0
2017-01-09 20:00,101,"19, Jong-ro 35ga-gil, Jongno-gu, Seoul, Republic of Korea",37.5720164,127.0050075,0.005,0.024,0.026,0.6,46.0,36.0
2017-01-09 21:00,101,"19, Jong-ro 35ga-gil, Jongno-gu, Seoul, Republic of Korea",37.5720164,127.0050075,0.005,0.019,0.029,0.5,45.0,37.0
2017-01-09 22:00,101,"19, Jong-ro 35ga-gil, Jongno-gu, Seoul, Republic of Korea",37.5720164,127.0050075,0.004,0.024,0.023,0.5,47.0,36.0
2017-01-09 23:00,101,"19, Jong-ro 35ga-gil, Jongno-gu, Seoul, Republic of Korea",37.5720164,127.0050075,0.004,0.024,0.022,0.5,47.0,35.0
2017-01-10 00:00,101,"19, Jong-ro 35ga-gil, Jongno-gu, Seoul, Republic of Korea",37.5720164,127.0050075,0.004,0.026,0.019,0.5,44.0,34.0
2017-01-10 01:00,101,"19, Jong-ro 35ga-gil, Jongno-gu, Seoul, Republic of Korea",37.5720164,127.0050075,0.004,0.018000000000000002,0.025,0.4,38.0,28.0
2017-01-10 02:00,101,"19, Jong-ro 35ga-gil, Jongno-gu, Seoul, Republic of Korea",37.5720164,127.0050075,0.004,0.015,0.028,0.4,36.0,27.0
2017-01-10 03:00,101,"19, Jong-ro 35ga-gil, Jongno-gu, Seoul, Republic of Korea",37.5720164,127.0050075,0.004,0.012,0.03,0.3,35.0,19.0
2017-01-10 04:00,101,"19, Jong-ro 35ga-gil, Jongno-gu, Seoul, Republic of Korea",37.5720164,127.0050075,0.004,0.013,0.028,0.3,31.0,16.0
2017-01-10 05:00,101,"19, Jong-ro 35ga-gil, Jongno-gu, Seoul, Republic of Korea",37.5720164,127.0050075,0.003,0.021,0.021,0.4,32.0,15.0
2017-01-10 06:00,101,"19, Jong-ro 35ga-gil, Jongno-gu, Seoul, Republic of Korea",37.5720164,127.0050075,0.003,0.032,0.011,0.4,30.0,16.0
2017-01-10 07:00,101,"19, Jong-ro 35ga-gil, Jongno-gu, Seoul, Republic of Korea",37.5720164,127.0050075,0.003,0.044,0.003,0.5,31.0,13.0
2017-01-10 08:00,101,"19, Jong-ro 35ga-gil, Jongno-gu, Seoul, Republic of Korea",37.5720164,127.0050075,0.004,0.042,0.006999999999999999,0.5,30.0,13.0
2017-01-10 09:00,101,"19, Jong-ro 35ga-gil, Jongno-gu, Seoul, Republic of Korea",37.5720164,127.0050075,0.004,0.032,0.015,0.4,29.0,10.0
2017-01-10 10:00,101,"19, Jong-ro 35ga-gil, Jongno-gu, Seoul, Republic of Korea",37.5720164,127.0050075,0.005,0.024,0.022,0.4,30.0,15.0
2017-01-10 11:00,101,"19, Jong-ro 35ga-gil, Jongno-gu, Seoul, Republic of Korea",37.5720164,127.0050075,0.005,0.027000000000000003,0.02,0.5,36.0,19.0
2017-01-10 12:00,101,"19, Jong-ro 35ga-gil, Jongno-gu, Seoul, Republic of Korea",37.5720164,127.0050075,0.005,0.018000000000000002,0.029,0.4,35.0,21.0
2017-01-10 13:00,101,"19, Jong-ro 35ga-gil, Jongno-gu, Seoul, Republic of Korea",37.5720164,127.0050075,0.004,0.016,0.03,0.4,35.0,19.0
2017-01-10 14:00,101,"19, Jong-ro 35ga-gil, Jongno-gu, Seoul, Republic of Korea",37.5720164,127.0050075,0.051,0.006999999999999999,0.014,6.0,143.0,149.0
2017-01-10 15:00,101,"19, Jong-ro 35ga-gil, Jongno-gu, Seoul, Republic of Korea",37.5720164,127.0050075,0.029,0.012,0.052000000000000005,2.9,101.0,84.0
2017-01-10 16:00,101,"19, Jong-ro 35ga-gil, Jongno-gu, Seoul, Republic of Korea",37.5720164,127.0050075,0.003,0.017,0.026,0.3,27.0,8.0
2017-01-10 17:00,101,"19, Jong-ro 35ga-gil, Jongno-gu, Seoul, Republic of Korea",37.5720164,127.0050075,0.004,0.02,0.024,0.4,22.0,12.0
2017-01-10 18:00,101,"19, Jong-ro 35ga-gil, Jongno-gu, Seoul, Republic of Korea",37.5720164,127.0050075,0.003,0.023,0.022,0.4,24.0,10.0
2017-01-10 19:00,101,"19, Jong-ro 35ga-gil, Jongno-gu, Seoul, Republic of Korea",37.5720164,127.0050075,0.003,0.023,0.02,0.4,17.0,11.0
2017-01-10 20:00,101,"19, Jong-ro 35ga-gil, Jongno-gu, Seoul, Republic of Korea",37.5720164,127.0050075,0.003,0.019,0.021,0.4,17.0,10.0
2017-01-10 21:00,101,"19, Jong-ro 35ga-gil, Jongno-gu, Seoul, Republic of Korea",37.5720164,127.0050075,0.003,0.016,0.022,0.3,20.0,9.0
2017-01-10 22:00,101,"19, Jong-ro 35ga-gil, Jongno-gu, Seoul, Republic of Korea",37.5720164,127.0050075,0.003,0.013,0.024,0.3,22.0,11.0
2017-01-10 23:00,101,"19, Jong-ro 35ga-gil, Jongno-gu, Seoul, Republic of Korea",37.5720164,127.0050075,0.003,0.012,0.024,0.3,20.0,8.0
2017-01-11 00:00,101,"19, Jong-ro 35ga-gil, Jongno-gu, Seoul, Republic of Korea",37.5720164,127.0050075,0.003,0.014,0.023,0.3,18.0,6.0
2017-01-11 01:00,101,"19, Jong-ro 35ga-gil, Jongno-gu, Seoul, Republic of Korea",37.5720164,127.0050075,0.003,0.009000000000000001,0.027000000000000003,0.3,18.0,5.0
2017-01-11 02:00,101,"19, Jong-ro 35ga-gil, Jongno-gu, Seoul, Republic of Korea",37.5720164,127.0050075,0.004,0.008,0.028,0.3,16.0,6.0
2017-01-11 03:00,101,"19, Jong-ro 35ga-gil, Jongno-gu, Seoul, Republic of Korea",37.5720164,127.0050075,0.003,0.01,0.026,0.3,14.0,7.0
2017-01-11 04:00,101,"19, Jong-ro 35ga-gil, Jongno-gu, Seoul, Republic of Korea",37.5720164,127.0050075,0.003,0.014,0.023,0.3,12.0,6.0
2017-01-11 05:00,101,"19, Jong-ro 35ga-gil, Jongno-gu, Seoul, Republic of Korea",37.5720164,127.0050075,0.003,0.017,0.02,0.3,16.0,7.0
2017-01-11 06:00,101,"19, Jong-ro 35ga-gil, Jongno-gu, Seoul, Republic of Korea",37.5720164,127.0050075,0.004,0.022,0.015,0.3,14.0,6.0
2017-01-11 07:00,101,"19, Jong-ro 35ga-gil, Jongno-gu, Seoul, Republic of Korea",37.5720164,127.0050075,0.003,0.029,0.011,0.4,16.0,6.0
2017-01-11 08:00,101,"19, Jong-ro 35ga-gil, Jongno-gu, Seoul, Republic of Korea",37.5720164,127.0050075,0.004,0.035,0.006999999999999999,0.4,18.0,2.0
2017-01-11 09:00,101,"19, Jong-ro 35ga-gil, Jongno-gu, Seoul, Republic of Korea",37.5720164,127.0050075,0.004,0.043,0.006999999999999999,0.7,20.0,7.0
2017-01-11 10:00,101,"19, Jong-ro 35ga-gil, Jongno-gu, Seoul, Republic of Korea",37.5720164,127.0050075,0.004,0.041,0.01,0.6,27.0,14.0
2017-01-11 11:00,101,"19, Jong-ro 35ga-gil, Jongno-gu, Seoul, Republic of Korea",37.5720164,127.0050075,0.004,0.04,0.012,0.5,30.0,17.0
2017-01-11 12:00,101,"19, Jong-ro 35ga-gil, Jongno-gu, Seoul, Republic of Korea",37.5720164,127.0050075,0.005,0.034,0.017,0.4,31.0,18.0
2017-01-11 13:00,101,"19, Jong-ro 35ga-gil, Jongno-gu, Seoul, Republic of Korea",37.5720164,127.0050075,0.005,0.039,0.016,0.5,34.0,20.0
2017-01-11 14:00,101,"19, Jong-ro 35ga-gil, Jongno-gu, Seoul, Republic of Korea",37.5720164,127.0050075,0.005,0.029,0.022,0.4,37.0,22.0
2017-01-11 15:00,101,"19, Jong-ro 35ga-gil, Jongno-gu, Seoul, Republic of Korea",37.5720164,127.0050075,0.004,0.026,0.023,0.4,34.0,19.0
2017-01-11 16:00,101,"19, Jong-ro 35ga-gil, Jongno-gu, Seoul, Republic of Korea",37.5720164,127.0050075,0.003,0.018000000000000002,0.029,0.3,20.0,10.0
2017-01-11 17:00,101,"19, Jong-ro 35ga-gil, Jongno-gu, Seoul, Republic of Korea",37.5720164,127.0050075,0.003,0.027000000000000003,0.022,0.4,18.0,12.0
2017-01-11 18:00,101,"19, Jong-ro 35ga-gil, Jongno-gu, Seoul, Republic of Korea",37.5720164,127.0050075,0.003,0.037000000000000005,0.013,0.5,20.0,10.0
2017-01-11 19:00,101,"19, Jong-ro 35ga-gil, Jongno-gu, Seoul, Republic of Korea",37.5720164,127.0050075,0.004,0.039,0.012,0.4,22.0,14.0
2017-01-11 20:00,101,"19, Jong-ro 35ga-gil, Jongno-gu, Seoul, Republic of Korea",37.5720164,127.0050075,0.003,0.041,0.011,0.5,22.0,13.0
2017-01-11 21:00,101,"19, Jong-ro 35ga-gil, Jongno-gu, Seoul, Republic of Korea",37.5720164,127.0050075,0.003,0.044,0.008,0.5,21.0,12.0
2017-01-11 22:00,101,"19, Jong-ro 35ga-gil, Jongno-gu, Seoul, Republic of Korea",37.5720164,127.0050075,0.004,0.052000000000000005,0.003,0.5,21.0,12.0
2017-01-11 23:00,101,"19, Jong-ro 35ga-gil, Jongno-gu, Seoul, Republic of Korea",37.5720164,127.0050075,0.004,0.052000000000000005,0.003,0.6,25.0,14.0
2017-01-12 00:00,101,"19, Jong-ro 35ga-gil, Jongno-gu, Seoul, Republic of Korea",37.5720164,127.0050075,0.004,0.047,0.006,0.4,23.0,14.0
2017-01-12 01:00,101,"19, Jong-ro 35ga-gil, Jongno-gu, Seoul, Republic of Korea",37.5720164,127.0050075,0.004,0.042,0.006999999999999999,0.5,27.0,15.0
2017-01-12 02:00,101,"19, Jong-ro 35ga-gil, Jongno-gu, Seoul, Republic of Korea",37.5720164,127.0050075,0.004,0.043,0.005,0.5,25.0,16.0
2017-01-12 03:00,101,"19, Jong-ro 35ga-gil, Jongno-gu, Seoul, Republic of Korea",37.5720164,127.0050075,0.004,0.048,0.002,0.6,27.0,18.0
2017-01-12 04:00,101,"19, Jong-ro 35ga-gil, Jongno-gu, Seoul, Republic of Korea",37.5720164,127.0050075,0.004,0.054000000000000006,0.002,0.8,26.0,17.0
2017-01-12 05:00,101,"19, Jong-ro 35ga-gil, Jongno-gu, Seoul, Republic of Korea",37.5720164,127.0050075,0.004,0.054000000000000006,0.003,0.8,29.0,18.0
2017-01-12 06:00,101,"19, Jong-ro 35ga-gil, Jongno-gu, Seoul, Republic of Korea",37.5720164,127.0050075,0.004,0.042,0.006,0.5,32.0,22.0
2017-01-12 07:00,101,"19, Jong-ro 35ga-gil, Jongno-gu, Seoul, Republic of Korea",37.5720164,127.0050075,0.004,0.041,0.006,0.5,35.0,25.0
2017-01-12 08:00,101,"19, Jong-ro 35ga-gil, Jongno-gu, Seoul, Republic of Korea",37.5720164,127.0050075,0.004,0.031,0.013,0.5,34.0,20.0
2017-01-12 09:00,101,"19, Jong-ro 35ga-gil, Jongno-gu, Seoul, Republic of Korea",37.5720164,127.0050075,0.004,0.032,0.015,0.5,29.0,18.0
2017-01-12 10:00,101,"19, Jong-ro 35ga-gil, Jongno-gu, Seoul, Republic of Korea",37.5720164,127.0050075,0.004,0.02,0.025,0.4,30.0,18.0
2017-01-12 11:00,101,"19, Jong-ro 35ga-gil, Jongno-gu, Seoul, Republic of Korea",37.5720164,127.0050075,0.005,0.02,0.025,0.4,27.0,14.0
2017-01-12 12:00,101,"19, Jong-ro 35ga-gil, Jongno-gu, Seoul, Republic of Korea",37.5720164,127.0050075,0.005,0.017,0.029,0.5,33.0,23.0
2017-01-12 13:00,101,"19, Jong-ro 35ga-gil, Jongno-gu, Seoul, Republic of Korea",37.5720164,127.0050075,0.005,0.015,0.031,0.4,33.0,22.0
2017-01-12 14:00,101,"19, Jong-ro 35ga-gil, Jongno-gu, Seoul, Republic of Korea",37.5720164,127.0050075,0.004,0.012,0.035,0.3,39.0,21.0
2017-01-12 15:00,101,"19, Jong-ro 35ga-gil, Jongno-gu, Seoul, Republic of Korea",37.5720164,127.0050075,0.003,0.014,0.033,0.3,30.0,10.0
2017-01-12 16:00,101,"19, Jong-ro 35ga-gil, Jongno-gu, Seoul, Republic of Korea",37.5720164,127.0050075,0.003,0.018000000000000002,0.029,0.3,31.0,10.0
2017-01-12 17:00,101,"19, Jong-ro 35ga-gil, Jongno-gu, Seoul, Republic of Korea",37.5720164,127.0050075,0.003,0.02,0.027000000000000003,0.3,21.0,10.0
2017-01-12 18:00,101,"19, Jong-ro 35ga-gil, Jongno-gu, Seoul, Republic of Korea",37.5720164,127.0050075,0.004,0.023,0.023,0.4,16.0,9.0
2017-01-12 19:00,101,"19, Jong-ro 35ga-gil, Jongno-gu, Seoul, Republic of Korea",37.5720164,127.0050075,0.003,0.019,0.025,0.3,16.0,9.0
2017-01-12 20:00,101,"19, Jong-ro 35ga-gil, Jongno-gu, Seoul, Republic of Korea",37.5720164,127.0050075,0.003,0.02,0.023,0.4,16.0,8.0
2017-01-12 21:00,101,"19, Jong-ro 35ga-gil, Jongno-gu, Seoul, Republic of Korea",37.5720164,127.0050075,0.003,0.019,0.023,0.4,16.0,10.0
2017-01-12 22:00,101,"19, Jong-ro 35ga-gil, Jongno-gu, Seoul, Republic of Korea",37.5720164,127.0050075,0.003,0.018000000000000002,0.023,0.3,19.0,11.0
2017-01-12 23:00,101,"19, Jong-ro 35ga-gil, Jongno-gu, Seoul, Republic of Korea",37.5720164,127.0050075,0.003,0.016,0.027000000000000003,0.3,22.0,12.0
2017-01-13 00:00,101,"19, Jong-ro 35ga-gil, Jongno-gu, Seoul, Republic of Korea",37.5720164,127.0050075,0.003,0.017,0.025,0.3,19.0,12.0
2017-01-13 01:00,101,"19, Jong-ro 35ga-gil, Jongno-gu, Seoul, Republic of Korea",37.5720164,127.0050075,0.003,0.018000000000000002,0.023,0.3,21.0,11.0
2017-01-13 02:00,101,"19, Jong-ro 35ga-gil, Jongno-gu, Seoul, Republic of Korea",37.5720164,127.0050075,0.003,0.016,0.025,0.3,20.0,11.0
2017-01-13 03:00,101,"19, Jong-ro 35ga-gil, Jongno-gu, Seoul, Republic of Korea",37.5720164,127.0050075,0.003,0.011,0.028,0.3,19.0,10.0
2017-01-13 04:00,101,"19, Jong-ro 35ga-gil, Jongno-gu, Seoul, Republic of Korea",37.5720164,127.0050075,0.003,0.01,0.03,0.3,17.0,10.0
2017-01-13 05:00,101,"19, Jong-ro 35ga-gil, Jongno-gu, Seoul, Republic of Korea",37.5720164,127.0050075,0.003,0.018000000000000002,0.023,0.3,14.0,7.0
2017-01-13 06:00,101,"19, Jong-ro 35ga-gil, Jongno-gu, Seoul, Republic of Korea",37.5720164,127.0050075,0.004,0.029,0.013,0.3,16.0,7.0
2017-01-13 07:00,101,"19, Jong-ro 35ga-gil, Jongno-gu, Seoul, Republic of Korea",37.5720164,127.0050075,0.003,0.029,0.013,0.4,15.0,7.0
2017-01-13 08:00,101,"19, Jong-ro 35ga-gil, Jongno-gu, Seoul, Republic of Korea",37.5720164,127.0050075,0.003,0.018000000000000002,0.023,0.3,23.0,7.0
2017-01-13 09:00,101,"19, Jong-ro 35ga-gil, Jongno-gu, Seoul, Republic of Korea",37.5720164,127.0050075,0.002,0.021,0.021,0.4,22.0,7.0
2017-01-13 10:00,101,"19, Jong-ro 35ga-gil, Jongno-gu, Seoul, Republic of Korea",37.5720164,127.0050075,0.003,0.021,0.021,0.4,42.0,11.0
2017-01-13 11:00,101,"19, Jong-ro 35ga-gil, Jongno-gu, Seoul, Republic of Korea",37.5720164,127.0050075,0.003,0.025,0.02,0.4,30.0,8.0
2017-01-13 12:00,101,"19, Jong-ro 35ga-gil, Jongno-gu, Seoul, Republic of Korea",37.5720164,127.0050075,0.003,0.018000000000000002,0.026,0.3,27.0,9.0
2017-01-13 13:00,101,"19, Jong-ro 35ga-gil, Jongno-gu, Seoul, Republic of Korea",37.5720164,127.0050075,0.004,0.019,0.027000000000000003,0.4,26.0,18.0
2017-01-13 14:00,101,"19, Jong-ro 35ga-gil, Jongno-gu, Seoul, Republic of Korea",37.5720164,127.0050075,0.004,0.016,0.03,0.3,27.0,17.0
2017-01-13 15:00,101,"19, Jong-ro 35ga-gil, Jongno-gu, Seoul, Republic of Korea",37.5720164,127.0050075,0.004,0.018000000000000002,0.03,0.3,37.0,14.0
2017-01-13 16:00,101,"19, Jong-ro 35ga-gil, Jongno-gu, Seoul, Republic of Korea",37.5720164,127.0050075,0.004,0.02,0.026,0.4,33.0,15.0
2017-01-13 17:00,101,"19, Jong-ro 35ga-gil, Jongno-gu, Seoul, Republic of Korea",37.5720164,127.0050075,0.004,0.025,0.02,0.4,31.0,16.0
2017-01-13 18:00,101,"19, Jong-ro 35ga-gil, Jongno-gu, Seoul, Republic of Korea",37.5720164,127.0050075,0.003,0.021,0.021,0.4,26.0,17.0
2017-01-13 19:00,101,"19, Jong-ro 35ga-gil, Jongno-gu, Seoul, Republic of Korea",37.5720164,127.0050075,0.004,0.018000000000000002,0.023,0.4,29.0,14.0
2017-01-13 20:00,101,"19, Jong-ro 35ga-gil, Jongno-gu, Seoul, Republic of Korea",37.5720164,127.0050075,0.003,0.016,0.024,0.4,35.0,13.0
2017-01-13 21:00,101,"19, Jong-ro 35ga-gil, Jongno-gu, Seoul, Republic of Korea",37.5720164,127.0050075,0.003,0.016,0.024,0.4,44.0,13.0
2017-01-13 22:00,101,"19, Jong-ro 35ga-gil, Jongno-gu, Seoul, Republic of Korea",37.5720164,127.0050075,0.003,0.015,0.024,0.3,44.0,12.0
2017-01-13 23:00,101,"19, Jong-ro 35ga-gil, Jongno-gu, Seoul, Republic of Korea",37.5720164,127.0050075,0.003,0.015,0.025,0.3,44.0,14.0
2017-01-14 00:00,101,"19, Jong-ro 35ga-gil, Jongno-gu, Seoul, Republic of Korea",37.5720164,127.0050075,0.004,0.013,0.025,0.3,50.0,13.0
2017-01-14 01:00,101,"19, Jong-ro 35ga-gil, Jongno-gu, Seoul, Republic of Korea",37.5720164,127.0050075,0.004,0.009000000000000001,0.028,0.3,52.0,10.0
2017-01-14 02:00,101,"19, Jong-ro 35ga-gil, Jongno-gu, Seoul, Republic of Korea",37.5720164,127.0050075,0.004,0.008,0.028,0.3,56.0,11.0
2017-01-14 03:00,101,"19, Jong-ro 35ga-gil, Jongno-gu, Seoul, Republic of Korea",37.5720164,127.0050075,0.004,0.009000000000000001,0.027000000000000003,0.3,52.0,10.0
2017-01-14 04:00,101,"19, Jong-ro 35ga-gil, Jongno-gu, Seoul, Republic of Korea",37.5720164,127.0050075,0.003,0.009000000000000001,0.026,0.3,51.0,12.0
2017-01-14 05:00,101,"19, Jong-ro 35ga-gil, Jongno-gu, Seoul, Republic of Korea",37.5720164,127.0050075,0.004,0.012,0.023,0.4,50.0,13.0
2017-01-14 06:00,101,"19, Jong-ro 35ga-gil, Jongno-gu, Seoul, Republic of Korea",37.5720164,127.0050075,0.003,0.014,0.021,0.3,50.0,12.0
2017-01-14 07:00,101,"19, Jong-ro 35ga-gil, Jongno-gu, Seoul, Republic of Korea",37.5720164,127.0050075,0.003,0.016,0.021,0.3,40.0,10.0
2017-01-14 08:00,101,"19, Jong-ro 35ga-gil, Jongno-gu, Seoul, Republic of Korea",37.5720164,127.0050075,0.003,0.015,0.023,0.3,31.0,7.0
2017-01-14 09:00,101,"19, Jong-ro 35ga-gil, Jongno-gu, Seoul, Republic of Korea",37.5720164,127.0050075,0.004,0.014,0.023,0.3,29.0,10.0
2017-01-14 10:00,101,"19, Jong-ro 35ga-gil, Jongno-gu, Seoul, Republic of Korea",37.5720164,127.0050075,0.003,0.013,0.025,0.3,31.0,10.0
2017-01-14 11:00,101,"19, Jong-ro 35ga-gil, Jongno-gu, Seoul, Republic of Korea",37.5720164,127.0050075,0.003,0.012,0.027000000000000003,0.3,29.0,12.0
2017-01-14 12:00,101,"19, Jong-ro 35ga-gil, Jongno-gu, Seoul, Republic of Korea",37.5720164,127.0050075,0.003,0.01,0.029,0.3,23.0,7.0
2017-01-14 13:00,101,"19, Jong-ro 35ga-gil, Jongno-gu, Seoul, Republic of Korea",37.5720164,127.0050075,0.003,0.01,0.029,0.3,25.0,7.0
2017-01-14 14:00,101,"19, Jong-ro 35ga-gil, Jongno-gu, Seoul, Republic of Korea",37.5720164,127.0050075,0.003,0.011,0.029,0.3,26.0,8.0
2017-01-14 15:00,101,"19, Jong-ro 35ga-gil, Jongno-gu, Seoul, Republic of Korea",37.5720164,127.0050075,0.003,0.011,0.029,0.3,30.0,8.0
2017-01-14 16:00,101,"19, Jong-ro 35ga-gil, Jongno-gu, Seoul, Republic of Korea",37.5720164,127.0050075,0.004,0.013,0.027000000000000003,0.3,37.0,7.0
2017-01-14 17:00,101,"19, Jong-ro 35ga-gil, Jongno-gu, Seoul, Republic of Korea",37.5720164,127.0050075,0.003,0.016,0.025,0.3,36.0,12.0
2017-01-14 18:00,101,"19, Jong-ro 35ga-gil, Jongno-gu, Seoul, Republic of Korea",37.5720164,127.0050075,0.003,0.013,0.025,0.3,35.0,10.0
2017-01-14 19:00,101,"19, Jong-ro 35ga-gil, Jongno-gu, Seoul, Republic of Korea",37.5720164,127.0050075,0.003,0.016,0.023,0.4,33.0,7.0
2017-01-14 20:00,101,"19, Jong-ro 35ga-gil, Jongno-gu, Seoul, Republic of Korea",37.5720164,127.0050075,0.003,0.016,0.021,0.3,31.0,10.0
2017-01-14 21:00,101,"19, Jong-ro 35ga-gil, Jongno-gu, Seoul, Republic of Korea",37.5720164,127.0050075,0.002,0.012,0.024,0.3,31.0,6.0
2017-01-14 22:00,101,"19, Jong-ro 35ga-gil, Jongno-gu, Seoul, Republic of Korea",37.5720164,127.0050075,0.002,0.012,0.024,0.3,25.0,6.0
2017-01-14 23:00,101,"19, Jong-ro 35ga-gil, Jongno-gu, Seoul, Republic of Korea",37.5720164,127.0050075,0.002,0.011,0.025,0.3,21.0,6.0
2017-01-15 00:00,101,"19, Jong-ro 35ga-gil, Jongno-gu, Seoul, Republic of Korea",37.5720164,127.0050075,0.002,0.011,0.025,0.4,20.0,5.0
2017-01-15 01:00,101,"19, Jong-ro 35ga-gil, Jongno-gu, Seoul, Republic of Korea",37.5720164,127.0050075,0.002,0.01,0.025,0.3,19.0,5.0
2017-01-15 02:00,101,"19, Jong-ro 35ga-gil, Jongno-gu, Seoul, Republic of Korea",37.5720164,127.0050075,0.003,0.009000000000000001,0.025,0.3,22.0,7.0
2017-01-15 03:00,101,"19, Jong-ro 35ga-gil, Jongno-gu, Seoul, Republic of Korea",37.5720164,127.0050075,0.002,0.009000000000000001,0.025,0.3,20.0,5.0
2017-01-15 04:00,101,"19, Jong-ro 35ga-gil, Jongno-gu, Seoul, Republic of Korea",37.5720164,127.0050075,0.002,0.009000000000000001,0.025,0.3,16.0,4.0
2017-01-15 05:00,101,"19, Jong-ro 35ga-gil, Jongno-gu, Seoul, Republic of Korea",37.5720164,127.0050075,0.002,0.015,0.019,0.3,17.0,6.0
2017-01-15 06:00,101,"19, Jong-ro 35ga-gil, Jongno-gu, Seoul, Republic of Korea",37.5720164,127.0050075,0.003,0.023,0.012,0.4,17.0,8.0
2017-01-15 07:00,101,"19, Jong-ro 35ga-gil, Jongno-gu, Seoul, Republic of Korea",37.5720164,127.0050075,0.003,0.03,0.006,0.4,17.0,8.0
2017-01-15 08:00,101,"19, Jong-ro 35ga-gil, Jongno-gu, Seoul, Republic of Korea",37.5720164,127.0050075,0.003,0.033,0.006,0.6,21.0,11.0
2017-01-15 09:00,101,"19, Jong-ro 35ga-gil, Jongno-gu, Seoul, Republic of Korea",37.5720164,127.0050075,0.004,0.029,0.011,0.5,24.0,12.0
2017-01-15 10:00,101,"19, Jong-ro 35ga-gil, Jongno-gu, Seoul, Republic of Korea",37.5720164,127.0050075,0.003,0.02,0.018000000000000002,0.4,25.0,15.0
2017-01-15 11:00,101,"19, Jong-ro 35ga-gil, Jongno-gu, Seoul, Republic of Korea",37.5720164,127.0050075,0.004,0.017,0.021,0.4,28.0,13.0
2017-01-15 12:00,101,"19, Jong-ro 35ga-gil, Jongno-gu, Seoul, Republic of Korea",37.5720164,127.0050075,0.004,0.012,0.026,0.4,30.0,13.0
2017-01-15 13:00,101,"19, Jong-ro 35ga-gil, Jongno-gu, Seoul, Republic of Korea",37.5720164,127.0050075,0.004,0.012,0.028,0.4,27.0,12.0
2017-01-15 14:00,101,"19, Jong-ro 35ga-gil, Jongno-gu, Seoul, Republic of Korea",37.5720164,127.0050075,0.004,0.013,0.028,0.4,25.0,16.0
2017-01-15 15:00,101,"19, Jong-ro 35ga-gil, Jongno-gu, Seoul, Republic of Korea",37.5720164,127.0050075,0.003,0.014,0.029,0.3,30.0,15.0
2017-01-15 16:00,101,"19, Jong-ro 35ga-gil, Jongno-gu, Seoul, Republic of Korea",37.5720164,127.0050075,0.003,0.016,0.027000000000000003,0.3,30.0,13.0
2017-01-15 17:00,101,"19, Jong-ro 35ga-gil, Jongno-gu, Seoul, Republic of Korea",37.5720164,127.0050075,0.003,0.021,0.022,0.4,28.0,15.0
2017-01-15 18:00,101,"19, Jong-ro 35ga-gil, Jongno-gu, Seoul, Republic of Korea",37.5720164,127.0050075,0.003,0.029,0.016,0.4,23.0,14.0
2017-01-15 19:00,101,"19, Jong-ro 35ga-gil, Jongno-gu, Seoul, Republic of Korea",37.5720164,127.0050075,0.003,0.043,0.005,0.5,27.0,15.0
2017-01-15 20:00,101,"19, Jong-ro 35ga-gil, Jongno-gu, Seoul, Republic of Korea",37.5720164,127.0050075,0.004,0.044,0.004,0.5,26.0,18.0
2017-01-15 21:00,101,"19, Jong-ro 35ga-gil, Jongno-gu, Seoul, Republic of Korea",37.5720164,127.0050075,0.003,0.036000000000000004,0.006999999999999999,0.5,23.0,16.0
2017-01-15 22:00,101,"19, Jong-ro 35ga-gil, Jongno-gu, Seoul, Republic of Korea",37.5720164,127.0050075,0.003,0.026,0.012,0.5,29.0,16.0
2017-01-15 23:00,101,"19, Jong-ro 35ga-gil, Jongno-gu, Seoul, Republic of Korea",37.5720164,127.0050075,0.003,0.029,0.009000000000000001,0.5,31.0,17.0
2017-01-16 00:00,101,"19, Jong-ro 35ga-gil, Jongno-gu, Seoul, Republic of Korea",37.5720164,127.0050075,0.003,0.035,0.006,0.6,34.0,18.0
2017-01-16 01:00,101,"19, Jong-ro 35ga-gil, Jongno-gu, Seoul, Republic of Korea",37.5720164,127.0050075,0.003,0.034,0.008,0.5,39.0,15.0
2017-01-16 02:00,101,"19, Jong-ro 35ga-gil, Jongno-gu, Seoul, Republic of Korea",37.5720164,127.0050075,0.003,0.032,0.008,0.5,36.0,19.0
2017-01-16 03:00,101,"19, Jong-ro 35ga-gil, Jongno-gu, Seoul, Republic of Korea",37.5720164,127.0050075,0.003,0.035,0.006,0.6,34.0,18.0
2017-01-16 04:00,101,"19, Jong-ro 35ga-gil, Jongno-gu, Seoul, Republic of Korea",37.5720164,127.0050075,0.003,0.035,0.005,0.6,34.0,21.0
2017-01-16 05:00,101,"19, Jong-ro 35ga-gil, Jongno-gu, Seoul, Republic of Korea",37.5720164,127.0050075,0.003,0.039,0.002,0.7,35.0,18.0
2017-01-16 06:00,101,"19, Jong-ro 35ga-gil, Jongno-gu, Seoul, Republic of Korea",37.5720164,127.0050075,0.003,0.047,0.002,0.8,33.0,19.0
2017-01-16 07:00,101,"19, Jong-ro 35ga-gil, Jongno-gu, Seoul, Republic of Korea",37.5720164,127.0050075,0.004,0.053,0.002,0.9,36.0,21.0
2017-01-16 08:00,101,"19, Jong-ro 35ga-gil, Jongno-gu, Seoul, Republic of Korea",37.5720164,127.0050075,0.004,0.053,0.003,1.0,40.0,26.0
2017-01-16 09:00,101,"19, Jong-ro 35ga-gil, Jongno-gu, Seoul, Republic of Korea",37.5720164,127.0050075,0.004,0.046,0.006,0.9,44.0,28.0
2017-01-16 10:00,101,"19, Jong-ro 35ga-gil, Jongno-gu, Seoul, Republic of Korea",37.5720164,127.0050075,0.004,0.033,0.011,0.6,44.0,29.0
2017-01-16 11:00,101,"19, Jong-ro 35ga-gil, Jongno-gu, Seoul, Republic of Korea",37.5720164,127.0050075,0.005,0.035,0.013,0.7,53.0,33.0
2017-01-16 12:00,101,"19, Jong-ro 35ga-gil, Jongno-gu, Seoul, Republic of Korea",37.5720164,127.0050075,0.005,0.035,0.014,0.6,57.0,44.0
2017-01-16 13:00,101,"19, Jong-ro 35ga-gil, Jongno-gu, Seoul, Republic of Korea",37.5720164,127.0050075,0.004,0.038,0.014,0.7,47.0,31.0
2017-01-16 14:00,101,"19, Jong-ro 35ga-gil, Jongno-gu, Seoul, Republic of Korea",37.5720164,127.0050075,0.004,0.039,0.016,0.6,39.0,29.0
2017-01-16 15:00,101,"19, Jong-ro 35ga-gil, Jongno-gu, Seoul, Republic of Korea",37.5720164,127.0050075,0.004,0.036000000000000004,0.015,0.5,42.0,24.0
2017-01-16 16:00,101,"19, Jong-ro 35ga-gil, Jongno-gu, Seoul, Republic of Korea",37.5720164,127.0050075,0.003,0.042,0.01,0.5,34.0,20.0
2017-01-16 17:00,101,"19, Jong-ro 35ga-gil, Jongno-gu, Seoul, Republic of Korea",37.5720164,127.0050075,0.004,0.051,0.004,0.7,32.0,22.0
2017-01-16 18:00,101,"19, Jong-ro 35ga-gil, Jongno-gu, Seoul, Republic of Korea",37.5720164,127.0050075,0.004,0.06,0.002,1.0,40.0,24.0
2017-01-16 19:00,101,"19, Jong-ro 35ga-gil, Jongno-gu, Seoul, Republic of Korea",37.5720164,127.0050075,0.004,0.06,0.002,0.8,53.0,33.0
2017-01-16 20:00,101,"19, Jong-ro 35ga-gil, Jongno-gu, Seoul, Republic of Korea",37.5720164,127.0050075,0.004,0.062,0.002,1.0,54.0,36.0
2017-01-16 21:00,101,"19, Jong-ro 35ga-gil, Jongno-gu, Seoul, Republic of Korea",37.5720164,127.0050075,0.005,0.06,0.002,0.8,50.0,36.0
2017-01-16 22:00,101,"19, Jong-ro 35ga-gil, Jongno-gu, Seoul, Republic of Korea",37.5720164,127.0050075,0.004,0.062,0.002,0.9,49.0,35.0
2017-01-16 23:00,101,"19, Jong-ro 35ga-gil, Jongno-gu, Seoul, Republic of Korea",37.5720164,127.0050075,0.004,0.069,0.002,1.3,48.0,31.0
2017-01-17 00:00,101,"19, Jong-ro 35ga-gil, Jongno-gu, Seoul, Republic of Korea",37.5720164,127.0050075,0.005,0.076,0.002,1.4,53.0,39.0
2017-01-17 01:00,101,"19, Jong-ro 35ga-gil, Jongno-gu, Seoul, Republic of Korea",37.5720164,127.0050075,0.005,0.077,0.002,1.5,53.0,42.0
2017-01-17 02:00,101,"19, Jong-ro 35ga-gil, Jongno-gu, Seoul, Republic of Korea",37.5720164,127.0050075,0.005,0.07200000000000001,0.002,1.4,56.0,43.0
2017-01-17 03:00,101,"19, Jong-ro 35ga-gil, Jongno-gu, Seoul, Republic of Korea",37.5720164,127.0050075,0.004,0.062,0.002,1.2,55.0,44.0
2017-01-17 04:00,101,"19, Jong-ro 35ga-gil, Jongno-gu, Seoul, Republic of Korea",37.5720164,127.0050075,0.004,0.061,0.002,1.2,55.0,45.0
2017-01-17 05:00,101,"19, Jong-ro 35ga-gil, Jongno-gu, Seoul, Republic of Korea",37.5720164,127.0050075,0.004,0.064,0.002,1.4,53.0,42.0
2017-01-17 06:00,101,"19, Jong-ro 35ga-gil, Jongno-gu, Seoul, Republic of Korea",37.5720164,127.0050075,0.005,0.068,0.002,1.4,53.0,45.0
2017-01-17 07:00,101,"19, Jong-ro 35ga-gil, Jongno-gu, Seoul, Republic of Korea",37.5720164,127.0050075,0.005,0.07,0.002,1.4,57.0,46.0
2017-01-17 08:00,101,"19, Jong-ro 35ga-gil, Jongno-gu, Seoul, Republic of Korea",37.5720164,127.0050075,0.004,0.057,0.002,1.1,54.0,45.0
2017-01-17 09:00,101,"19, Jong-ro 35ga-gil, Jongno-gu, Seoul, Republic of Korea",37.5720164,127.0050075,0.004,0.056,0.003,1.1,54.0,43.0
2017-01-17 10:00,101,"19, Jong-ro 35ga-gil, Jongno-gu, Seoul, Republic of Korea",37.5720164,127.0050075,0.005,0.063,0.004,1.4,60.0,46.0
2017-01-17 11:00,101,"19, Jong-ro 35ga-gil, Jongno-gu, Seoul, Republic of Korea",37.5720164,127.0050075,0.006,0.065,0.004,1.4,69.0,59.0
2017-01-17 12:00,101,"19, Jong-ro 35ga-gil, Jongno-gu, Seoul, Republic of Korea",37.5720164,127.0050075,0.006999999999999999,0.064,0.006,1.1,68.0,54.0
2017-01-17 13:00,101,"19, Jong-ro 35ga-gil, Jongno-gu, Seoul, Republic of Korea",37.5720164,127.0050075,0.006,0.061,0.006999999999999999,0.9,64.0,51.0
2017-01-17 14:00,101,"19, Jong-ro 35ga-gil, Jongno-gu, Seoul, Republic of Korea",37.5720164,127.0050075,0.006999999999999999,0.065,0.006,0.9,66.0,55.0
2017-01-17 15:00,101,"19, Jong-ro 35ga-gil, Jongno-gu, Seoul, Republic of Korea",37.5720164,127.0050075,0.008,0.076,0.004,1.0,67.0,58.0
2017-01-17 16:00,101,"19, Jong-ro 35ga-gil, Jongno-gu, Seoul, Republic of Korea",37.5720164,127.0050075,0.009000000000000001,0.083,0.003,1.1,88.0,72.0
2017-01-17 17:00,101,"19, Jong-ro 35ga-gil, Jongno-gu, Seoul, Republic of Korea",37.5720164,127.0050075,0.009000000000000001,0.08199999999999999,0.002,1.2,87.0,73.0
2017-01-17 18:00,101,"19, Jong-ro 35ga-gil, Jongno-gu, Seoul, Republic of Korea",37.5720164,127.0050075,0.009000000000000001,0.083,0.002,1.3,82.0,71.0
2017-01-17 19:00,101,"19, Jong-ro 35ga-gil, Jongno-gu, Seoul, Republic of Korea",37.5720164,127.0050075,0.008,0.076,0.002,1.1,79.0,68.0
2017-01-17 20:00,101,"19, Jong-ro 35ga-gil, Jongno-gu, Seoul, Republic of Korea",37.5720164,127.0050075,0.006,0.066,0.002,1.0,72.0,61.0
2017-01-17 21:00,101,"19, Jong-ro 35ga-gil, Jongno-gu, Seoul, Republic of Korea",37.5720164,127.0050075,0.005,0.061,0.002,0.9,67.0,56.0
2017-01-17 22:00,101,"19, Jong-ro 35ga-gil, Jongno-gu, Seoul, Republic of Korea",37.5720164,127.0050075,0.005,0.054000000000000006,0.002,0.7,59.0,48.0
2017-01-17 23:00,101,"19, Jong-ro 35ga-gil, Jongno-gu, Seoul, Republic of Korea",37.5720164,127.0050075,0.004,0.052000000000000005,0.002,0.7,53.0,42.0
2017-01-18 00:00,101,"19, Jong-ro 35ga-gil, Jongno-gu, Seoul, Republic of Korea",37.5720164,127.0050075,0.005,0.049,0.002,0.7,57.0,48.0
2017-01-18 01:00,101,"19, Jong-ro 35ga-gil, Jongno-gu, Seoul, Republic of Korea",37.5720164,127.0050075,0.004,0.033,0.009000000000000001,0.5,56.0,44.0
2017-01-18 02:00,101,"19, Jong-ro 35ga-gil, Jongno-gu, Seoul, Republic of Korea",37.5720164,127.0050075,0.004,0.025,0.015,0.5,58.0,46.0
2017-01-18 03:00,101,"19, Jong-ro 35ga-gil, Jongno-gu, Seoul, Republic of Korea",37.5720164,127.0050075,0.004,0.025,0.015,0.6,67.0,52.0
2017-01-18 04:00,101,"19, Jong-ro 35ga-gil, Jongno-gu, Seoul, Republic of Korea",37.5720164,127.0050075,0.004,0.033,0.01,0.8,72.0,58.0
2017-01-18 05:00,101,"19, Jong-ro 35ga-gil, Jongno-gu, Seoul, Republic of Korea",37.5720164,127.0050075,0.005,0.038,0.006999999999999999,0.8,80.0,66.0
2017-01-18 06:00,101,"19, Jong-ro 35ga-gil, Jongno-gu, Seoul, Republic of Korea",37.5720164,127.0050075,0.005,0.053,0.002,1.1,87.0,72.0
2017-01-18 07:00,101,"19, Jong-ro 35ga-gil, Jongno-gu, Seoul, Republic of Korea",37.5720164,127.0050075,0.005,0.075,0.002,1.5,94.0,79.0
2017-01-18 08:00,101,"19, Jong-ro 35ga-gil, Jongno-gu, Seoul, Republic of Korea",37.5720164,127.0050075,0.006,0.08199999999999999,0.002,1.8,90.0,77.0
2017-01-18 09:00,101,"19, Jong-ro 35ga-gil, Jongno-gu, Seoul, Republic of Korea",37.5720164,127.0050075,0.006,0.086,0.003,1.9,96.0,77.0
2017-01-18 10:00,101,"19, Jong-ro 35ga-gil, Jongno-gu, Seoul, Republic of Korea",37.5720164,127.0050075,0.006999999999999999,0.086,0.003,2.0,109.0,90.0
2017-01-18 11:00,101,"19, Jong-ro 35ga-gil, Jongno-gu, Seoul, Republic of Korea",37.5720164,127.0050075,0.008,0.075,0.003,1.6,116.0,101.0
2017-01-18 12:00,101,"19, Jong-ro 35ga-gil, Jongno-gu, Seoul, Republic of Korea",37.5720164,127.0050075,0.006999999999999999,0.07400000000000001,0.003,1.4,122.0,102.0
2017-01-18 13:00,101,"19, Jong-ro 35ga-gil, Jongno-gu, Seoul, Republic of Korea",37.5720164,127.0050075,0.006,0.07,0.003,1.5,122.0,103.0
2017-01-18 14:00,101,"19, Jong-ro 35ga-gil, Jongno-gu, Seoul, Republic of Korea",37.5720164,127.0050075,0.006,0.07200000000000001,0.003,1.4,124.0,107.0
2017-01-18 15:00,101,"19, Jong-ro 35ga-gil, Jongno-gu, Seoul, Republic of Korea",37.5720164,127.0050075,0.006999999999999999,0.067,0.004,1.3,127.0,108.0
2017-01-18 16:00,101,"19, Jong-ro 35ga-gil, Jongno-gu, Seoul, Republic of Korea",37.5720164,127.0050075,0.006999999999999999,0.057,0.006999999999999999,0.9,118.0,97.0
2017-01-18 17:00,101,"19, Jong-ro 35ga-gil, Jongno-gu, Seoul, Republic of Korea",37.5720164,127.0050075,0.006,0.054000000000000006,0.008,1.0,123.0,105.0
2017-01-18 18:00,101,"19, Jong-ro 35ga-gil, Jongno-gu, Seoul, Republic of Korea",37.5720164,127.0050075,0.006,0.039,0.016,0.9,110.0,98.0
2017-01-18 19:00,101,"19, Jong-ro 35ga-gil, Jongno-gu, Seoul, Republic of Korea",37.5720164,127.0050075,0.005,0.04,0.015,0.8,103.0,91.0
2017-01-18 20:00,101,"19, Jong-ro 35ga-gil, Jongno-gu, Seoul, Republic of Korea",37.5720164,127.0050075,0.005,0.046,0.011,0.9,95.0,83.0
2017-01-18 21:00,101,"19, Jong-ro 35ga-gil, Jongno-gu, Seoul, Republic of Korea",37.5720164,127.0050075,0.005,0.058,0.003,1.3,94.0,83.0
2017-01-18 22:00,101,"19, Jong-ro 35ga-gil, Jongno-gu, Seoul, Republic of Korea",37.5720164,127.0050075,0.005,0.051,0.004,1.0,91.0,81.0
2017-01-18 23:00,101,"19, Jong-ro 35ga-gil, Jongno-gu, Seoul, Republic of Korea",37.5720164,127.0050075,0.004,0.046,0.008,0.9,95.0,85.0
2017-01-19 00:00,101,"19, Jong-ro 35ga-gil, Jongno-gu, Seoul, Republic of Korea",37.5720164,127.0050075,0.004,0.062,0.002,1.1,99.0,88.0
2017-01-19 01:00,101,"19, Jong-ro 35ga-gil, Jongno-gu, Seoul, Republic of Korea",37.5720164,127.0050075,0.005,0.045,0.006999999999999999,0.9,100.0,87.0
2017-01-19 02:00,101,"19, Jong-ro 35ga-gil, Jongno-gu, Seoul, Republic of Korea",37.5720164,127.0050075,0.005,0.034,0.014,0.9,104.0,84.0
2017-01-19 03:00,101,"19, Jong-ro 35ga-gil, Jongno-gu, Seoul, Republic of Korea",37.5720164,127.0050075,0.005,0.035,0.012,0.9,103.0,81.0
2017-01-19 04:00,101,"19, Jong-ro 35ga-gil, Jongno-gu, Seoul, Republic of Korea",37.5720164,127.0050075,0.004,0.038,0.008,1.0,96.0,78.0
2017-01-19 05:00,101,"19, Jong-ro 35ga-gil, Jongno-gu, Seoul, Republic of Korea",37.5720164,127.0050075,0.004,0.048,0.003,1.1,97.0,78.0
2017-01-19 06:00,101,"19, Jong-ro 35ga-gil, Jongno-gu, Seoul, Republic of Korea",37.5720164,127.0050075,0.004,0.049,0.002,1.0,101.0,81.0
2017-01-19 07:00,101,"19, Jong-ro 35ga-gil, Jongno-gu, Seoul, Republic of Korea",37.5720164,127.0050075,0.004,0.055,0.002,1.2,101.0,82.0
2017-01-19 08:00,101,"19, Jong-ro 35ga-gil, Jongno-gu, Seoul, Republic of Korea",37.5720164,127.0050075,0.005,0.053,0.003,1.5,110.0,90.0
2017-01-19 09:00,101,"19, Jong-ro 35ga-gil, Jongno-gu, Seoul, Republic of Korea",37.5720164,127.0050075,0.005,0.051,0.006,1.2,115.0,93.0
2017-01-19 10:00,101,"19, Jong-ro 35ga-gil, Jongno-gu, Seoul, Republic of Korea",37.5720164,127.0050075,0.006,0.053,0.008,1.2,118.0,94.0
2017-01-19 11:00,101,"19, Jong-ro 35ga-gil, Jongno-gu, Seoul, Republic of Korea",37.5720164,127.0050075,0.006999999999999999,0.053,0.009000000000000001,1.1,111.0,92.0
2017-01-19 12:00,101,"19, Jong-ro 35ga-gil, Jongno-gu, Seoul, Republic of Korea",37.5720164,127.0050075,0.006999999999999999,0.055,0.012,1.0,101.0,82.0
2017-01-19 13:00,101,"19, Jong-ro 35ga-gil, Jongno-gu, Seoul, Republic of Korea",37.5720164,127.0050075,0.006999999999999999,0.069,0.006999999999999999,1.1,95.0,80.0
2017-01-19 14:00,101,"19, Jong-ro 35ga-gil, Jongno-gu, Seoul, Republic of Korea",37.5720164,127.0050075,0.006999999999999999,0.077,0.005,1.3,110.0,91.0
2017-01-19 15:00,101,"19, Jong-ro 35ga-gil, Jongno-gu, Seoul, Republic of Korea",37.5720164,127.0050075,0.006999999999999999,0.076,0.005,1.2,120.0,98.0
2017-01-19 16:00,101,"19, Jong-ro 35ga-gil, Jongno-gu, Seoul, Republic of Korea",37.5720164,127.0050075,0.006999999999999999,0.071,0.005,0.9,115.0,91.0
2017-01-19 17:00,101,"19, Jong-ro 35ga-gil, Jongno-gu, Seoul, Republic of Korea",37.5720164,127.0050075,0.006999999999999999,0.052000000000000005,0.012,0.7,96.0,71.0
2017-01-19 18:00,101,"19, Jong-ro 35ga-gil, Jongno-gu, Seoul, Republic of Korea",37.5720164,127.0050075,0.006,0.051,0.011,0.7,66.0,53.0
2017-01-19 19:00,101,"19, Jong-ro 35ga-gil, Jongno-gu, Seoul, Republic of Korea",37.5720164,127.0050075,0.005,0.039,0.019,0.7,72.0,57.0
2017-01-19 20:00,101,"19, Jong-ro 35ga-gil, Jongno-gu, Seoul, Republic of Korea",37.5720164,127.0050075,0.006,0.04,0.019,0.7,68.0,57.0
2017-01-19 21:00,101,"19, Jong-ro 35ga-gil, Jongno-gu, Seoul, Republic of Korea",37.5720164,127.0050075,0.005,0.061,0.004,0.8,61.0,47.0
2017-01-19 22:00,101,"19, Jong-ro 35ga-gil, Jongno-gu, Seoul, Republic of Korea",37.5720164,127.0050075,0.005,0.066,0.002,0.9,71.0,53.0
2017-01-19 23:00,101,"19, Jong-ro 35ga-gil, Jongno-gu, Seoul, Republic of Korea",37.5720164,127.0050075,0.006,0.068,0.002,0.9,65.0,52.0
2017-01-20 00:00,101,"19, Jong-ro 35ga-gil, Jongno-gu, Seoul, Republic of Korea",37.5720164,127.0050075,0.005,0.062,0.002,0.7,66.0,49.0
2017-01-20 01:00,101,"19, Jong-ro 35ga-gil, Jongno-gu, Seoul, Republic of Korea",37.5720164,127.0050075,0.006,0.066,0.002,0.8,61.0,45.0
2017-01-20 02:00,101,"19, Jong-ro 35ga-gil, Jongno-gu, Seoul, Republic of Korea",37.5720164,127.0050075,0.005,0.066,0.002,0.8,63.0,46.0
2017-01-20 03:00,101,"19, Jong-ro 35ga-gil, Jongno-gu, Seoul, Republic of Korea",37.5720164,127.0050075,0.003,0.063,0.002,0.8,63.0,48.0
2017-01-20 04:00,101,"19, Jong-ro 35ga-gil, Jongno-gu, Seoul, Republic of Korea",37.5720164,127.0050075,0.003,0.05,0.006999999999999999,0.7,55.0,46.0
2017-01-20 05:00,101,"19, Jong-ro 35ga-gil, Jongno-gu, Seoul, Republic of Korea",37.5720164,127.0050075,0.003,0.028,0.02,0.5,45.0,37.0
2017-01-20 06:00,101,"19, Jong-ro 35ga-gil, Jongno-gu, Seoul, Republic of Korea",37.5720164,127.0050075,0.003,0.023,0.02,0.6,51.0,41.0
2017-01-20 07:00,101,"19, Jong-ro 35ga-gil, Jongno-gu, Seoul, Republic of Korea",37.5720164,127.0050075,0.003,0.023,0.017,0.6,64.0,50.0
2017-01-20 08:00,101,"19, Jong-ro 35ga-gil, Jongno-gu, Seoul, Republic of Korea",37.5720164,127.0050075,0.003,0.024,0.018000000000000002,0.6,61.0,47.0
2017-01-20 09:00,101,"19, Jong-ro 35ga-gil, Jongno-gu, Seoul, Republic of Korea",37.5720164,127.0050075,0.003,0.022,0.02,0.6,61.0,47.0
2017-01-20 10:00,101,"19, Jong-ro 35ga-gil, Jongno-gu, Seoul, Republic of Korea",37.5720164,127.0050075,0.004,0.019,0.023,0.6,64.0,56.0
2017-01-20 11:00,101,"19, Jong-ro 35ga-gil, Jongno-gu, Seoul, Republic of Korea",37.5720164,127.0050075,0.004,0.017,0.025,0.5,61.0,52.0
2017-01-20 12:00,101,"19, Jong-ro 35ga-gil, Jongno-gu, Seoul, Republic of Korea",37.5720164,127.0050075,0.004,0.018000000000000002,0.026,0.5,59.0,49.0
2017-01-20 13:00,101,"19, Jong-ro 35ga-gil, Jongno-gu, Seoul, Republic of Korea",37.5720164,127.0050075,0.005,0.018000000000000002,0.03,0.5,54.0,41.0
2017-01-20 14:00,101,"19, Jong-ro 35ga-gil, Jongno-gu, Seoul, Republic of Korea",37.5720164,127.0050075,0.006,0.018000000000000002,0.033,0.5,54.0,42.0
2017-01-20 15:00,101,"19, Jong-ro 35ga-gil, Jongno-gu, Seoul, Republic of Korea",37.5720164,127.0050075,0.006,0.021,0.032,0.5,54.0,42.0
2017-01-20 16:00,101,"19, Jong-ro 35ga-gil, Jongno-gu, Seoul, Republic of Korea",37.5720164,127.0050075,0.005,0.024,0.03,0.5,54.0,41.0
2017-01-20 17:00,101,"19, Jong-ro 35ga-gil, Jongno-gu, Seoul, Republic of Korea",37.5720164,127.0050075,0.004,0.026,0.026,0.5,50.0,39.0
2017-01-20 18:00,101,"19, Jong-ro 35ga-gil, Jongno-gu, Seoul, Republic of Korea",37.5720164,127.0050075,0.004,0.03,0.022,0.5,43.0,35.0
2017-01-20 19:00,101,"19, Jong-ro 35ga-gil, Jongno-gu, Seoul, Republic of Korea",37.5720164,127.0050075,0.004,0.027000000000000003,0.023,0.5,48.0,41.0
2017-01-20 20:00,101,"19, Jong-ro 35ga-gil, Jongno-gu, Seoul, Republic of Korea",37.5720164,127.0050075,0.004,0.027000000000000003,0.022,0.5,47.0,40.0
2017-01-20 21:00,101,"19, Jong-ro 35ga-gil, Jongno-gu, Seoul, Republic of Korea",37.5720164,127.0050075,0.003,0.022,0.024,0.5,44.0,35.0
2017-01-20 22:00,101,"19, Jong-ro 35ga-gil, Jongno-gu, Seoul, Republic of Korea",37.5720164,127.0050075,0.004,0.021,0.023,0.4,44.0,30.0
2017-01-20 23:00,101,"19, Jong-ro 35ga-gil, Jongno-gu, Seoul, Republic of Korea",37.5720164,127.0050075,0.003,0.022,0.021,0.5,43.0,31.0
2017-01-21 00:00,101,"19, Jong-ro 35ga-gil, Jongno-gu, Seoul, Republic of Korea",37.5720164,127.0050075,0.003,0.022,0.02,0.5,41.0,28.0
2017-01-21 01:00,101,"19, Jong-ro 35ga-gil, Jongno-gu, Seoul, Republic of Korea",37.5720164,127.0050075,0.003,0.024,0.018000000000000002,0.5,40.0,31.0
2017-01-21 02:00,101,"19, Jong-ro 35ga-gil, Jongno-gu, Seoul, Republic of Korea",37.5720164,127.0050075,0.003,0.022,0.02,0.5,40.0,30.0
2017-01-21 03:00,101,"19, Jong-ro 35ga-gil, Jongno-gu, Seoul, Republic of Korea",37.5720164,127.0050075,0.003,0.021,0.021,0.5,39.0,28.0
2017-01-21 04:00,101,"19, Jong-ro 35ga-gil, Jongno-gu, Seoul, Republic of Korea",37.5720164,127.0050075,0.003,0.026,0.018000000000000002,0.5,37.0,27.0
2017-01-21 05:00,101,"19, Jong-ro 35ga-gil, Jongno-gu, Seoul, Republic of Korea",37.5720164,127.0050075,0.002,0.039,0.004,0.7,46.0,37.0
2017-01-21 06:00,101,"19, Jong-ro 35ga-gil, Jongno-gu, Seoul, Republic of Korea",37.5720164,127.0050075,0.002,0.041,0.003,0.6,51.0,44.0
2017-01-21 07:00,101,"19, Jong-ro 35ga-gil, Jongno-gu, Seoul, Republic of Korea",37.5720164,127.0050075,0.003,0.046,0.002,0.7,50.0,43.0
2017-01-21 08:00,101,"19, Jong-ro 35ga-gil, Jongno-gu, Seoul, Republic of Korea",37.5720164,127.0050075,0.003,0.051,0.003,0.9,51.0,46.0
2017-01-21 09:00,101,"19, Jong-ro 35ga-gil, Jongno-gu, Seoul, Republic of Korea",37.5720164,127.0050075,0.004,0.053,0.004,1.0,62.0,50.0
2017-01-21 10:00,101,"19, Jong-ro 35ga-gil, Jongno-gu, Seoul, Republic of Korea",37.5720164,127.0050075,0.004,0.052000000000000005,0.006,1.1,70.0,57.0
2017-01-21 11:00,101,"19, Jong-ro 35ga-gil, Jongno-gu, Seoul, Republic of Korea",37.5720164,127.0050075,0.005,0.05,0.006999999999999999,0.9,74.0,62.0
2017-01-21 12:00,101,"19, Jong-ro 35ga-gil, Jongno-gu, Seoul, Republic of Korea",37.5720164,127.0050075,0.005,0.044,0.01,0.7,58.0,46.0
2017-01-21 13:00,101,"19, Jong-ro 35ga-gil, Jongno-gu, Seoul, Republic of Korea",37.5720164,127.0050075,0.004,0.05,0.006999999999999999,0.7,58.0,44.0
2017-01-21 14:00,101,"19, Jong-ro 35ga-gil, Jongno-gu, Seoul, Republic of Korea",37.5720164,127.0050075,0.004,0.047,0.006999999999999999,0.7,58.0,46.0
2017-01-21 15:00,101,"19, Jong-ro 35ga-gil, Jongno-gu, Seoul, Republic of Korea",37.5720164,127.0050075,0.004,0.048,0.006,0.7,59.0,50.0
2017-01-21 16:00,101,"19, Jong-ro 35ga-gil, Jongno-gu, Seoul, Republic of Korea",37.5720164,127.0050075,0.003,0.053,0.003,0.7,60.0,48.0
2017-01-21 17:00,101,"19, Jong-ro 35ga-gil, Jongno-gu, Seoul, Republic of Korea",37.5720164,127.0050075,0.003,0.056,0.002,0.9,59.0,49.0
2017-01-21 18:00,101,"19, Jong-ro 35ga-gil, Jongno-gu, Seoul, Republic of Korea",37.5720164,127.0050075,0.003,0.054000000000000006,0.002,0.7,53.0,44.0
2017-01-21 19:00,101,"19, Jong-ro 35ga-gil, Jongno-gu, Seoul, Republic of Korea",37.5720164,127.0050075,0.003,0.056,0.002,0.8,44.0,34.0
2017-01-21 20:00,101,"19, Jong-ro 35ga-gil, Jongno-gu, Seoul, Republic of Korea",37.5720164,127.0050075,0.003,0.057,0.002,0.7,37.0,29.0
2017-01-21 21:00,101,"19, Jong-ro 35ga-gil, Jongno-gu, Seoul, Republic of Korea",37.5720164,127.0050075,0.003,0.058,0.002,0.7,31.0,22.0
2017-01-21 22:00,101,"19, Jong-ro 35ga-gil, Jongno-gu, Seoul, Republic of Korea",37.5720164,127.0050075,0.004,0.062,0.002,0.7,32.0,21.0
2017-01-21 23:00,101,"19, Jong-ro 35ga-gil, Jongno-gu, Seoul, Republic of Korea",37.5720164,127.0050075,0.003,0.046,0.008,0.7,42.0,26.0
2017-01-22 00:00,101,"19, Jong-ro 35ga-gil, Jongno-gu, Seoul, Republic of Korea",37.5720164,127.0050075,0.004,0.016,0.025,0.6,49.0,39.0
2017-01-22 01:00,101,"19, Jong-ro 35ga-gil, Jongno-gu, Seoul, Republic of Korea",37.5720164,127.0050075,0.005,0.011,0.029,0.5,51.0,39.0
2017-01-22 02:00,101,"19, Jong-ro 35ga-gil, Jongno-gu, Seoul, Republic of Korea",37.5720164,127.0050075,0.005,0.01,0.031,0.5,47.0,35.0
2017-01-22 03:00,101,"19, Jong-ro 35ga-gil, Jongno-gu, Seoul, Republic of Korea",37.5720164,127.0050075,0.005,0.008,0.032,0.4,43.0,26.0
2017-01-22 04:00,101,"19, Jong-ro 35ga-gil, Jongno-gu, Seoul, Republic of Korea",37.5720164,127.0050075,0.004,0.008,0.032,0.3,63.0,19.0
2017-01-22 05:00,101,"19, Jong-ro 35ga-gil, Jongno-gu, Seoul, Republic of Korea",37.5720164,127.0050075,0.003,0.009000000000000001,0.03,0.3,100.0,12.0
2017-01-22 06:00,101,"19, Jong-ro 35ga-gil, Jongno-gu, Seoul, Republic of Korea",37.5720164,127.0050075,0.004,0.01,0.028,0.3,117.0,12.0
2017-01-22 07:00,101,"19, Jong-ro 35ga-gil, Jongno-gu, Seoul, Republic of Korea",37.5720164,127.0050075,0.003,0.01,0.028,0.3,124.0,13.0
2017-01-22 08:00,101,"19, Jong-ro 35ga-gil, Jongno-gu, Seoul, Republic of Korea",37.5720164,127.0050075,0.003,0.011,0.026,0.3,119.0,14.0
2017-01-22 09:00,101,"19, Jong-ro 35ga-gil, Jongno-gu, Seoul, Republic of Korea",37.5720164,127.0050075,0.004,0.01,0.029,0.3,88.0,14.0
2017-01-22 10:00,101,"19, Jong-ro 35ga-gil, Jongno-gu, Seoul, Republic of Korea",37.5720164,127.0050075,0.004,0.009000000000000001,0.03,0.3,62.0,16.0
2017-01-22 11:00,101,"19, Jong-ro 35ga-gil, Jongno-gu, Seoul, Republic of Korea",37.5720164,127.0050075,0.005,0.01,0.031,0.3,63.0,16.0
2017-01-22 12:00,101,"19, Jong-ro 35ga-gil, Jongno-gu, Seoul, Republic of Korea",37.5720164,127.0050075,0.005,0.009000000000000001,0.032,0.3,63.0,20.0
2017-01-22 13:00,101,"19, Jong-ro 35ga-gil, Jongno-gu, Seoul, Republic of Korea",37.5720164,127.0050075,0.005,0.011,0.031,0.3,64.0,17.0